publishers,count
Inc.,202
Square Enix,129
Electronic Arts,119
SEGA,115
THQ Nordic,113
Ubisoft,113
Ltd.,106
Devolver Digital,95
LLC,89
Fulqrum Publishing,76
Kagura Games,71
2K,70
LTD.,69
Disney,63
Paradox Interactive,61
BANDAI NAMCO Entertainment,61
PlayWay S.A.,61
PLAYISM,59
Sekai Project,56
KOEI TECMO GAMES CO.,55
Nightdive Studios,53
Focus Entertainment,51
Artifex Mundi,51
Plug In Digital,50
Slitherine Ltd.,49
Xbox Game Studios,48
tinyBuild,47
Back To Basics Gaming,47
Strategy First,46
Activision,46
Nacon,45
Bethesda Softworks,44
Buka Entertainment,44
XSEED Games,42
Daedalic Entertainment,41
WhisperGames,40
Iceberg Interactive,39
Kalypso Media Digital,39
Lucasfilm,39
Warner Bros. Interactive Entertainment,38
Marvelous USA,38
Komodo,37
LucasArts,37
505 Games,36
Gamera Games,35
New Reality Games,35
Team17 Digital Ltd,34
Team17,34
Deep Silver,31
Idea Factory International,30
NIS America,30
Feral Interactive (Mac),30
Forever Entertainment S. A.,29
Capcom,29
MangaGamer,28
HIKARI FIELD,28
HandyGames,28
Rebellion,28
Raw Fury,28
Milestone S.r.l.,27
Curve Games,27
Aldorlea Games,27
Winged Cloud,27
Spike Chunsoft Co.,26
Humongous Entertainment,26
Good Shepherd Entertainment,26
Volens Nolens Games,26
Humble Games,26
CAPCOM Co.,26
Headup,25
Maple Whispering Limited,25
8Floor,24
Microids,24
Valve,24
Funbox Media Ltd,23
KISS ltd,23
Dear Villagers,22
Arc System Works,22
PopCap Games,22
Marvelous,22
GrabTheGames,22
Sometimes You,22
Jackbox Games,22
Alawar Entertainment,21
Senpai Studios,20
Annapurna Interactive,20
Konami Digital Entertainment,19
SakuraGame,19
Frontwing USA,18
Adult Swim Games,18
Topware Interactive,18
Mango Party,18
Assemble Entertainment,18
Bohemia Interactive,18
PQube,18
Fellow Traveller,17
Digital Tribe,17
Feral Interactive (Linux),17
KPL,17
Bandai Namco Entertainment,17
United Independent Entertainment,17
Critical Bliss,17
Codemasters,17
Neon Doctrine,17
Ultimate Games S.A.,17
astragon Entertainment,17
Warfare Studios,16
EGAMER,16
id Software,16
SNK CORPORATION,16
Aerosoft GmbH,16
Lovely Games,16
Ziggurat,16
EnsenaSoft,16
Armor Games Studios,16
Retroism,16
Asmodee Digital,16
Akupara Games,15
Excalibur Publishing,15
Wales Interactive,15
Stardock Entertainment,15
Goblinz Publishing,15
CI Games,15
Double Fine Productions,14
Jetdogs Studios,14
Versus Evil,14
PID Games,14
Merge Games,14
Modus Games,14
Warner Bros. Games,14
Prime Matter,14
Digerati,14
Atari,13
Winter Wolves,13
Chilla's Art,13
OTAKU Plan,13
Rockstar Games,13
NekoNyan Ltd.,13
SOFTSTAR ENTERTAINMENT,13
HypeTrain Digital,13
PlayStation PC LLC,13
Gearbox Publishing,13
Phoenix Online Publishing,13
Telltale,13
11 bit studios,13
indienova,13
Wadjet Eye Games,13
Surefire.Games,12
Meridian4,12
IndieArk,12
Viva Media,12
Kalypso Media,12
MumboJumbo,12
Frogwares,12
Spiderweb Software,12
Green Man Gaming Publishing,12
Toplitz Productions,12
Klei Entertainment,12
2P Games,12
D3PUBLISHER,12
PlayMeow Games,11
Positech Games,11
Coffee Stain Publishing,11
Dharker Studios Ltd,11
Ravenscourt,11
DANGEN Entertainment,11
Ripknot Systems,10
Cristian Manolachi,10
Skybound Games,10
Chucklefish,10
DLsite,10
INDIECN,10
Thunderful Publishing,10
Deck13,10
Aspyr (Mac),10
Funcom,10
Freedom Games,10
Serenity Forge,10
Frontier Developments,10
DSGame,10
Games Operators,10
Movie Games S.A.,10
Arcen Games,10
Atomic Fabrik,10
Rising Star Games,10
Might and Delight,9
Epic Games,9
Zachtronics,9
Inc,9
Ripstone,9
NVLMaker,9
Wired Productions,9
Tripwire Interactive,9
Flying Interactive,9
Shiravune,9
SOEDESCO,9
方块游戏(CubeGame),9
bilibili,9
Kasedo Games,9
Lonely Troops,9
H2 Interactive Co.,9
No More Robots,9
Henteko Doujin,9
FireFly Studios,9
Klabater,9
HexWar Games,9
Nicalis,9
Aspyr,9
Sigma Team Inc.,9
Pixeljam,9
Fruitbat Factory,9
inXile Entertainment,9
Mediascape Co.,8
INTI CREATES CO.,8
Endless Loop Studios,8
Pixel Puzzles,8
HeroCraft PC,8
Choice of Games,8
RunServer,8
Frozenbyte,8
Alawar Premium,8
Ironhide Game Studio,8
Crytivo,8
Ludosity,8
Sokpop Collective,8
Kitfox Games,8
Amanita Design,8
10tons Ltd,8
NEOWIZ,8
Bandai Namco Entertainment Inc.,8
Yogscast Games,8
Apogee Entertainment,8
Dotemu,8
JAST USA,8
KONAMI,8
MicroProse Software,8
Laush Studio,8
Eroge Japan,8
XD,8
Tin Man Games,8
Giants Software,8
GSC World Publishing,8
Hooded Horse,8
Ghostlight LTD,8
MoeNovel,8
NeocoreGames,8
Graffiti Games,8
b-alive gmbh,7
Fatshark,7
Puppygames,7
Reverb Triple XP,7
New Blood Interactive,7
Frontier Foundry,7
Larian Studios,7
SA Industry,7
CD PROJEKT RED,7
Ubisoft Entertainment,7
TinyHat Studios,7
Secret Mode,7
USERJOY Technology Co.,7
SimBin,7
Egosoft,7
Cyan Worlds Inc,7
META Publishing,7
NovaLogic,7
Vertigo Games,7
Tribute Games Inc.,7
PeriScope Game,7
SNEG,7
Interplay Inc.,7
Private Division,7
Hyperstrange,7
Modern Wolf,7
Cheesecake Dev,7
Sapphire Dragon Productions,7
Rainbow Games,7
Survios,7
All in! Games,7
Lightning Games,7
The Arcade Crew,7
Milkstone Studios,7
Cleverweek,7
Notovia,6
N3V Games,6
rondomedia GmbH,6
Missing Link Games,6
Whitethorn Games,6
The Irregular Corporation,6
Zoo Corporation,6
Bossa Studios,6
Fireshine Games,6
Microids Indie,6
Playstack,6
Mode 7,6
Rogueside,6
ROSEVERTE,6
WayForward,6
CAPCOM CO.,6
Rusty Lake,6
Soldak Entertainment,6
DreadXP,6
InvertMouse,6
Toge Productions,6
Game-Labs,6
Choice Provisions,6
Tranquility games,6
S,6
Destructive Creations,6
Enlight Software Limited,6
Beamdog,6
SCS Software,6
Frictional Games,6
Team17 Digital,6
Gaijin Games,6
RewindApp,6
Mature Games,6
PlayStation Publishing LLC,6
Schell Games,6
Out of the Park Developments,6
Hook Games,6
Coconut Island Games,6
IndieGala,6
Shiro Unlimited,6
CINEMAX,6
s.r.o.,6
qureate,6
Doyoyo Games,6
Nomad Games,6
Mastiff,6
Bloober Team SA,6
Finji,6
Aspyr (Linux),6
Eugen Systems,6
Black Forest Games,6
Dogenzaka Lab,6
Big Fish Games,6
Yooreka Studio,6
Illwinter Game Design,6
Romantic Room,6
HeartBeat Games,6
NEXT Studios,6
inkle Ltd,6
Qumaron,6
Gamera Game,6
GameHouse,6
HeroLabs,5
Blendo Games,5
OnSkull Games,5
SUPERHOT PRESENTS,5
Orangepixel,5
VaragtP,5
Rake in Grass,5
DMM GAMES,5
Fractale,5
Dejobaan Games,5
Surprise Attack,5
Degica,5
Light of Creators,5
Resolution Games,5
SmashGames,5
Introversion Software,5
CE-Asia,5
Nival,5
Midnight City,5
Oddworld Inhabitants,5
Eversim,5
Landfall,5
Neoclassic Games,5
BD Games,5
Blazing Griffin,5
Snail Games USA,5
DreamsSoftGames,5
Neko Climax Studios,5
ACE,5
东游鉴,5
Neko Entertainment,5
WB Games,5
IMGN.PRO,5
Knuckle Cracker,5
2tainment GmbH,5
Coatsink,5
Akella,5
Crescent Moon Games,5
Playsaurus,5
DigitalEZ,5
Dovetail Games - TSW,5
Games Incubator,5
Awesome Games Studio,5
Ltd,5
Hanako Games,5
WildTangent,5
Scott Cawthon,5
phime studio LLC,5
EasyGames,5
Denpasoft,5
Phoenix Games,5
BrainGoodGames,5
LTD,5
Techland Publishing,5
DrinkBox Studios,5
Edmund McMillen,5
HappyGames,5
Sunlight Games,5
Lil Hentai Games,5
Fireproof Games,5
Excalibur Games,5
Future Friends Games,5
Another Indie,5
paulstephendavis,5
GameMill Entertainment,5
Pixmain,5
Nyu Media,5
Marmalade Game Studio Ltd,5
🚀 Raiser Games,5
Minor Key Games,5
Alientrap,5
Crytek,5
Idea Cabin,5
Phr00t's Software,5
Freebird Games,5
Secret Labo,5
Bithell Games,5
Anarchy Enterprises,5
Clarus Victoria,5
Headup Games,5
Hitcents,5
Wastelands Interactive,5
Techland,5
Hamsters Gaming,5
Stress Level Zero,5
Owlchemy Labs,5
JoyBits Ltd.,5
Ivanovich Games,4
Xitilon,4
Starship Studio,4
Sabrina Aridi,4
David Szymanski,4
YCJY Games,4
Broken Rules,4
Mommy's Best Games,4
Interplay Entertainment Corp.,4
Supergiant Games,4
Madmind Studio,4
Reverie World Studios,4
Doomster Entertainment,4
Corvostudio di Amadei Marco,4
Kagura Games (Chinese Localization),4
Blue Isle Publishing,4
Pleasant Rain Ltd,4
Shiver Games,4
DnS Development,4
Rockin' Android,4
Tilted Mill Entertainment,4
3D Realms,4
Suspicious Developments,4
Cipher Prime Studios,4
Gamious,4
VisualArts,4
Lighthouse Games Studio,4
Starwind Games,4
Zojoi,4
Vaka Game Magazine,4
Games Farm,4
Love Conquers All Games,4
eGames.com,4
Cobra Mobile,4
TopWare Interactive,4
Jundroo,4
北京网元圣唐娱乐科技有限公司,4
Dieselmine,4
GDNomaD,4
Absolutist Ltd.,4
Days of Wonder,4
Ska Studios,4
Hello Games,4
FreeMind S.A.,4
Majesco Entertainment,4
Shady Corner Games,4
FromSoftware,4
Revolution Software Ltd,4
ADOG,4
Reiza Studios,4
Double Eleven,4
TaleWorlds Entertainment,4
Pirates Of The Digital Sea,4
Longbow Games,4
Reflect Studios,4
Kobra Studio,4
Fancy Fish Games,4
Samurai Punk,4
Immanitas Entertainment GmbH,4
Io-Interactive A,4
Afterthought Studios,4
Behaviour Interactive Inc.,4
Total Mayhem Games,4
Aksys Games,4
Running With Scissors,4
Pocketpair,4
Zeiva Inc,4
tobspr Games,4
Kurki.games,4
Ravenage Games,4
Flyhigh Works,4
Stray Fawn Studio,4
Maximum Games,4
Santa Ragione,4
Phat Phrog Studios,4
Cartoon game,4
Dingo Games,4
Awaken Realms,4
Shorebound Studios,4
Maciej Targoni,4
Riot Forge,4
Muse Games,4
Wolfire Games,4
M2H,4
The Behemoth,4
Unbound Creations,4
Zero Rock Entertainment,4
Capybara Games,4
Screen 7,4
Tripwire Presents,4
OtakuMaker.com,4
Garage Games,4
Team Reptile,4
Dire Wolf,4
Panic,4
Merge Publishing,4
Gamersky Games,4
Offworld Industries,4
Frogames,4
GSC Game World,4
Tortuga Team,4
Coldwild Games,4
Tomorrow Corporation,4
familyplay,4
Screenwave Media,4
Crisp App Studio,4
Zen Studios,4
Randumb Studios,4
WTFOMGames,4
ILLUSION,4
RocketWerkz,4
430Games,4
WSS playground,4
Application Systems Heidelberg,4
iWin,4
ebi-hime,4
Big Fat Simulations Inc.,4
Kremlingames,4
Cherry Kiss Games,4
Little Green Men Games,4
BANDAI NAMCO Entertainment Europe,4
Vertigo Gaming Inc.,4
Wargaming Labs,4
RIVER CROW STUDIO,4
mirai works,4
OtakuMaker SARL,4
Robot Entertainment,4
Focus Home Interactive,4
Digital Fusion Inc.,4
Keen Software House,4
Krome Studios,4
Chubby Pixel,4
Chasing Carrots,3
UpgradePoint,3
Носков Сергей,3
Hammer Games,3
Batterystaple Games,3
Animu Game,3
Satur Entertainment,3
Nimble Giant Entertainment,3
Stoic Studio,3
Size Five Games,3
Clockwork Wolf,3
1C-SoftClub,3
Hound Picked Games,3
Screwfly Studios,3
Overflow,3
Cats Who Play,3
Cherry Pop Games,3
Stas Shostak,3
Cellar Door Games,3
SimonCreative,3
Corrosive Studios LLC,3
Alice Publication,3
Iron Tower Studio,3
Bullid Games,3
Twilight Sonata Studio,3
Mastertronic,3
AZAMATIKA,3
Funny Twins,3
Maulidan Games,3
Outright Games Ltd.,3
Other Ocean Group,3
PolarityFlow,3
ANPA.US,3
Russpuppy,3
Matthew Brown,3
Zillion Whales,3
Cloudhead Games ltd.,3
NewWestGames,3
HuniePot,3
Weird and Wry,3
Battlecruiser Games,3
Caiysware,3
KillHouse Games,3
Those Awesome Guys,3
FeelThere,3
Towndarktales,3
Nauris Amatnieks,3
Furlough Games PBS,3
InterAction studios,3
Chainsawesome Games,3
Age of Fear,3
Spearhead Games,3
Brace Yourself Games,3
Jason Rohrer,3
Playito.com,3
Gattai Games,3
Live Motion Games,3
Digital Crafter,3
Bigosaur,3
K Bros Games,3
Image & Form Games,3
@unepic_fran,3
PikPok,3
TimeGate Studios,3
For Kids,3
Unknown Worlds Entertainment,3
Two Tribes Publishing,3
Demolish Games S.A.,3
My Way Games,3
Intragames,3
Konnichiwa Games,3
SkyGoblin,3
Killerfish Games,3
HeR Interactive,3
Whisper Games,3
Paradox Arc,3
Fun Infused Games,3
Factus Games,3
HA Studio Ltd.,3
Jujubee S.A.,3
Bliss Brain,3
Star Drifters,3
Kerberos Productions Inc.,3
Oppai-Man,3
Whale Rock Games,3
KRAFTON,3
Gamedust,3
Toffee Cafe,3
Kepler Interactive,3
Anshar Publishing,3
香港商河洛互動娛樂股份有限公司,3
Cozy Bee Games,3
1C Game Studios,3
Thunder Lotus Games,3
Inverse Game,3
TAITO CORP.,3
Spry Fox LLC,3
Junkfish Limited,3
Libredia Entertainment,3
Thermite Games,3
raptor lab,3
Eclipse Games,3
Messhof,3
Red Barrels,3
Gustav,3
Evil Tortilla Games,3
TurnVex,3
Luden.io,3
Jesse Makkonen,3
Forceight,3
Windybeard,3
Northway Games,3
BattleGoat Studios,3
Gamera Interactive,3
ustwo games,3
Noodlecake,3
aNCHOR Inc.,3
Gaming Factory,3
Ratalaika Games S.L.,3
Robot Gentleman,3
Behold Studios,3
Natsume Inc.,3
Studio Goya,3
inc.,3
PM Studios,3
Valkyrie Initiative,3
Ysbryd Games,3
Andrii Vintsevych,3
PlayFirst,3
Untold Tales,3
Yangyang Mobile,3
SFB Games,3
RuneStorm,3
Triangle Studios,3
Game Factory Interactive,3
CFK Co.,3
Second Maze,3
Playdek,3
Double Fine Presents,3
Abbey Games,3
Sumalab,3
Room710Games,3
FDG Entertainment,3
D3Publisher of America,3
Big Robot Ltd,3
Majorariatto,3
TreeFortress Games,3
Black Pants Studio,3
Happy Max,3
FobTi interactive,3
Funktronic Labs,3
Play sp. z o. o.,3
Creepy Brothers,3
Alliance,3
EMIKA_GAMES,3
Zeboyd Games,3
Feral Interactive (Mac/Linux),3
EuroVideo Medien,3
Born Ready Games,3
Puzzler,3
DNA ARMY GAMING,3
Code Horizon,3
Mayflower Entertainment,3
XGen Studios,3
Enhance,3
NLT Media,3
Misc Games,3
L. Stotch,3
Butterscotch Shenanigans,3
Uppercut Games Pty Ltd,3
Beijing Litchi Culture Media Co.,3
HFM Games,3
Dry Cactus,3
Glass Bottom Games,3
Gemini Stars Games,3
Crackshell,3
Xigma Games,3
Flazm,3
SMG Studio,3
Gameclaw Studio,3
V Publishing,3
Draknek,3
Carpe Fulgur LLC,3
KEMCO,3
二色幽紫蝶,3
Slug Disco Studios,3
Geoff Keighley,3
Mad Head Games,3
Tale of Tales,3
Secret Location Inc.,3
Ocean Media LLC,3
State of Play,3
isTom Games Kft.,3
Patagoniart,3
Cosmi Valusoft,3
甲山林娛樂股份有限公司,3
Pyrodactyl,3
Petroglyph,3
Stereo7 Games,3
Blowfish Studios,3
Rocketcat Games,3
Thylacine Studios LLC,3
Yume Creations,3
Croteam,3
Piko Interactive LLC,3
SIGONO INC.,3
Shaman Games Studio,3
Quantic Dream,3
Agent Mega,3
MyACG Studio,3
The Digital Lounge,3
Trese Brothers,3
Bedtime Digital Games,3
Runic Games,3
Sixteen Tons Entertainment,3
Bleem!,3
Skobbejak Games,3
Skermunkel,3
Tate Multimedia,3
Legend Studio,3
Milk Bottle Studio,3
Camel 101,3
Saibot Studios,3
Acram Digital,3
United Label,3
Renderise,3
SUPERHOT Team,3
Liu Lidan,3
Brilliant Game Studios,3
704 Games Company,3
Breakfall,3
Tonguç Bodur,3
Momentum Games,3
Bugbyte Ltd.,3
Fair Weather Studios,3
101XP,3
3 Sprockets,3
Libredia,3
Kittehface Software,3
Indie Game Group,3
GalaxyTrail,3
Throwback Entertainment,3
Digital Happiness,3
Grey Alien Games,3
Alda Games,3
Yacht Club Games,3
Chilled Mouse,3
Redblack Spade,3
Hitchcock Games,3
Atomic Jelly,3
Alice & Smith,3
Terry Cavanagh,3
Handelabra Games Inc.,3
OMNIDREAM CREATIONS,3
34BigThings srl,3
Himalaya Studios,3
Remedy Entertainment,3
Batholith Entertainment,3
Frozen District,3
Snowbird Games,3
Mixtvision,3
Matt Roszak,3
VGstudio,3
Kairosoft Co.,3
Lewd Formosa,3
Indovers Studio,3
Digital Confectioners,3
No. 25,3
RandomSpin,2
GameArt Studio GmbH,2
ONE MORE LEVEL,2
BeautiFun Games,2
GameTomo Co.,2
BlueLine Games,2
Semaphore,2
CGE Digital,2
No Goblin,2
Starbreeze Publishing AB,2
Silver Dollar Games,2
Wonderstruck,2
XREAL Games,2
rokaplay,2
Ares Dragonis,2
Eggcode,2
Mi-Clos Studio,2
JoyMasher,2
Targem Games,2
Pujia8 Studio,2
Crema,2
Lince Works,2
NLB project,2
Bartosz Bojarowski,2
Random Thoughts Enterainment,2
CRASS Infotech,2
MIROWIN,2
Novel,2
Suncrash,2
Edym Pixels,2
semiwork,2
PixelGreeds,2
Dustin Gunn,2
Creative Storm Entertainment,2
LightOn Game,2
IO Interactive A,2
ScottGames,2
Creature Cauldron,2
Furry Tails,2
LRDGames,2
Stolen Couch Games,2
Roastery Games,2
Sandstorm Studios Inc.,2
CreativeForge Games,2
Path,2
Thalamus Digital,2
Gamepires,2
Brawsome,2
Ironcode Gaming,2
Filament Classic,2
2 Left Thumbs,2
Kazakov Oleg,2
Kyle Seeley,2
GFX47,2
Indie Asylum,2
Hannes Delbeke,2
Pillow Fight,2
Dinosaur Polo Club,2
Siege Camp,2
Acuze Interactives,2
TEAM HORAY,2
Kepler Ghost,2
Kongregate,2
Culture Select,2
Bear in the Night,2
Charm Games,2
Quiet River,2
Mana Games,2
灰烬天国,2
Fire Hose Games,2
MuHa Games,2
App Holdings,2
DRAGAMI GAMES,2
Rayll,2
Spiral Up Games,2
Groupees Interactive,2
Code}{atch,2
Intropy Games,2
The Revills Games,2
Klei Publishing,2
Joey Drew Studios,2
increpare games,2
Anshar Studios,2
Indietopia Games,2
Blindflug Studios AG,2
章鱼罐头制作组,2
Vblank Entertainment,2
Ndemic Creations,2
Walkabout,2
Rejected Games,2
Pixel Reef,2
Haemimont Games,2
Kiddy,2
Studio Ginkgo,2
L7team,2
Last Lotus,2
Playdead,2
Grey Box,2
Double Damage Games,2
BumpkinBrothers,2
Mighty Rocket Studio,2
Proximity Games,2
Flow Fire Games,2
2Play,2
Rat King Entertainment,2
Weather Factory,2
Walnut LLC,2
Digital Eel,2
Blaze Epic,2
Play Publishing,2
AURORA Games,2
Fun4Family,2
Dumativa,2
Feodosiy,2
ALEKSANDER CHEPAIKIN,2
Six Foot,2
Bitten Toast Games Inc.,2
Red Hook Studios,2
EXOR Studios,2
ClickGames,2
AliveGameStudio,2
Phoenixx Inc.,2
Rayark International Limited,2
droqen,2
Never Knows Best,2
CatBellUnion,2
Forward Game Studios,2
Studio Élan,2
Big Sugar,2
LINE Games Corporation,2
HB Studios,2
Dominique Grieshofer,2
Pablo Vidaurre Sanz,2
Monster Games,2
PlayRIX,2
Ian Campbell,2
Clever Plays,2
Gun Media,2
Machine 22,2
Holy Warp,2
Dead Drop Studios LLC,2
ALICE IN DISSONANCE,2
Consumer Softproducts,2
Fayju,2
VEWO Interactive Inc.,2
Deceptive Games Ltd.,2
Pixelated Milk,2
Laser Guided Games,2
E-Line Media,2
Bat Country Games,2
Skydance Interactive,2
NeoNight,2
Question,2
Duality Games,2
CarX Technologies,2
Over The Moon,2
Recotechnology S.L.,2
SGS Team,2
AtomTeam,2
Anarkis Gaming,2
Running Pillow,2
Eastshade Studios,2
Krealit,2
DreamStep,2
IBOLOGY LLC,2
BigBox VR,2
WASABI entertainment,2
Ninja Theory,2
Lienzo,2
HeyBox Games,2
EastFog Studios,2
Inceton games,2
City Interactive S.A.,2
Matt Makes Games Inc.,2
Stately Snail,2
Owl Cave,2
DYA Games,2
3Division,2
Hothead Games,2
Kerberos Productions,2
Almighty Games,2
Mugen Creations,2
Radial Games Corp,2
Sólfar Studios,2
Popcannibal,2
Pixel Maniacs,2
Drillhounds,2
Massive Damage,2
Somi,2
CRITICAL REFLEX,2
BulkyPix,2
TopHouse Publishing,2
yeswecamp,2
GrizzlyGames,2
The Light Sword Team,2
7th Beat Games,2
Mindware Co.,2
Ryan Jensen,2
Valorware,2
Strange Scaffold,2
Bit Planet Games,2
Greg Lobanov,2
Red twice potato,2
Triverske,2
Xform,2
Penny Arcade,2
Sillysoft Games,2
Red Thread Games,2
Topware Interactive ACE,2
Jagex Ltd,2
TPP Studio,2
Zhongce Games,2
Super Rare Originals,2
Steve Jarman,2
Wx3 Labs,2
Brandon Brizzi,2
Diabolical Mind,2
Khor Chin Heong,2
Gamesforgames,2
gaming company,2
BlankMediaGames,2
Alternative Software Ltd,2
Cinemaware,2
Beijing New Era Network Technology Co.,2
Playsnak,2
Bigzur Games,2
Critical Games,2
MoaCube,2
DU&I,2
Mass Creation,2
WINGED SAKURA GAMES,2
Loren Lemcke,2
Haydee Interactive,2
ProjectMoon,2
Netcore Games,2
MDickie,2
AdroVGames,2
Gaddy Games,2
Avalon Digital,2
GameChanger Studio,2
Vagabond Dog,2
Freehold Games,2
Ginormocorp Holdings Ltd,2
Marvelous Inc.,2
Narko Games,2
Skystone Games,2
Abyte Entertainment,2
Psydra Games LLC,2
DRAGO entertainment,2
Clouded Leopard Entertainment,2
Wide Right Interactive,2
Defiant Development,2
FX Interactive,2
Youdagames,2
Studio Wildcard,2
BitMonster,2
3DClouds,2
Bread Vision Studios LLC.,2
Mixed Realms Pte Ltd,2
Green Sauce Games,2
ACG creator,2
Playmeow,2
Makivision Games,2
FIVE-BN GAMES,2
Snail Games,2
Motion Twin,2
Maltakreuz,2
Drift Physics Crew,2
Modularity,2
Snapshot Games Inc.,2
Funselektor Labs Inc.,2
Fullbright,2
Mana Potion Studios,2
My Little Planet Ltd,2
Frozen Way,2
David Wehle,2
Crows Crows Crows,2
Pom Pom Games,2
Nordcurrent Labs,2
9heads Game Studios,2
Stefan Kelnberger,2
Jace Masula,2
SIEIDI Ltd,2
Glass Knuckle Games,2
Auroch Digital,2
Captain Games,2
Flynn's Arcade,2
Bitbox Ltd.,2
Hempuli Oy,2
Frima Studio,2
TSB,2
Stegersaurus Software Inc.,2
PanGuoJun,2
G-DEVS.com,2
White Giant RPG Studios,2
I-Illusions,2
The Binary Mill,2
Reef Entertainment,2
Zenox,2
PhillyGames,2
OnBlind,2
DreamBig Games,2
astragon Sales & Services GmbH,2
The Working Parts,2
Psychotic Psoftware,2
Studio Bean,2
AtomicTorch Studio,2
Enitvare,2
90% Studios,2
Next Dimension Game Adventures Ltd.,2
SunRay Games,2
ARTE France,2
DOG HOGGLER,2
Scorpius Games,2
Nuuvem Inc,2
DIGIDICED,2
Exquisite Games,2
Woodsy Studio,2
内购人生PABL,2
Two Desperados,2
Ronimo Games,2
Buddy Productions GmbH,2
Mind Leak,2
3D Realms (Apogee Software),2
yevhen8,2
Ben Nichols,2
Aniplex Inc.,2
Polynetix Studio,2
D1ONE,2
Viva Media Inc,2
gigantumgames,2
Frogdice,2
Angry Demon Studio,2
oneoreight,2
Endlessfluff Games,2
DeXP,2
Łukasz Jakowski Games,2
Weed Games,2
Bad Seed,2
Innersloth,2
White Door Games,2
Fermenter Games,2
Mandragora,2
Apillo,2
Andy Sztark,2
Energy Milk,2
Re-Logic,2
Rooster Teeth Games,2
New World Interactive,2
South East Games,2
ORiGO GAMES,2
Playables,2
Housemarque,2
Skyboy Games,2
Panic Art Studios,2
Angry Mob Games,2
Hosted Games,2
2dengine,2
BetaDwarf,2
Harmonix Music Systems,2
Headtrip Games llc,2
17-BIT,2
Dylan Fitterer,2
Blue Wizard Digital,2
Q-Games Ltd.,2
Pill Bug Interactive,2
Secret Exit Ltd.,2
Monstrum,2
Mehsoft,2
DigitalDNA Games LLC,2
Daniel Mullins Games,2
Infinite Dreams,2
Baggy Cat Ltd.,2
Draw Distance,2
G-MODE,2
Onyx Lute,2
Nezon Production,2
Gamestorming,2
Fishing Cactus,2
Cheritz,2
Dreamsite Games,2
Super.com,2
The Quantum Astrophysicists Guild,2
Immanitas Entertainment,2
IV Productions,2
GungHo Online Entertainment America,2
TALESSHOP Co.,2
PlayZilla.tk,2
Piece of Cake studios,2
Subsoap,2
Sean Davy,2
Blind Mind Studios,2
Owlcat Games,2
LuGus Studios,2
Ice-Pick Lodge,2
89AM Studio,2
Beatnik Games,2
Big Cheese Studio,2
Squid In A Box Ltd,2
Valkyria Games,2
Puuba,2
Aleksandr Golovkin,2
Copybugpaste,2
Hörberg Productions,2
Turtle Cream,2
Panda Indie Studio,2
Powerhoof,2
Rain Games,2
The Secret Experiment,2
Axolot Games,2
Phaser Lock Interactive,2
Facepunch Studios,2
The Game Bakers,2
Hesketh Studios Ltd,2
Bethesda-Softworks,2
HyperStar Group,2
Reborn Entertainment,2
FromSoftware Inc.,2
CrazyPrince,2
The Men Who Wear Many Hats,2
Systemic Reaction™,2
Cadenza Interactive,2
mc2games,2
hinyari9,2
The Secret Pie,2
Blobfish,2
Teotl Studios,2
BadLand Publishing,2
EightyEightGames,2
Hovgaard Games,2
Snail-Ninja Studio,2
Mykhail Konokh,2
bitComposer Games,2
Fantasy Flight Publishing,2
Paul Schneider,2
Failbetter Games,2
3909,2
OhNoo Studio,2
etherane,2
Misfits Attic,2
Mister Morris Games,2
ODBear Studios,2
Claymatic Games,2
Bloober Team NA,2
滑稽工作室,2
The Astronauts,2
Budget Friendly Entertainment,2
Rockin Android,2
Pine Studio,2
Mind Flayer Studios,2
Monomi Park,2
Guru Games,2
Specialbit Studio,2
Expansive Worlds,2
W.T.B.,2
Blue Brain Games,2
Nakana.io,2
McMagic Productions,2
Bruni Multimedia,2
Chibig,2
Hide Games,2
Lesson of Passion,2
AKPublish pty ltd,2
Dracula's Cave,2
Altfuture,2
worm club,2
Triband,2
Digital Cybercherries,2
Paradise Project,2
nDreams,2
Enoops,2
NIJICO,2
THQ,2
Unexpected,2
Joy Way,2
Remtairy,2
AMC Games,2
Narayana Walters,2
Hexage,2
KHB-Soft,2
Subatomic Studios LLC,2
Vector Unit,2
Kyrylo Kuzyk,2
Monochrome,2
Haruneko Entertainment,2
Torn Banner Studios,2
Loading Home,2
Phosphor Games,2
Beatshapers,2
FlynnFour Games,2
teedoubleuGAMES,2
a.s.,2
Acceleroto,2
Pantera Entertainment,2
Zodiac Interactive,2
Cold Beam Games,2
Fading Club,2
Hellbent Games,2
Niffler Ltd.,2
Lucas Parise,2
东方祈华梦制作组,2
Thunder Devs.,2
Spacelight Studio,2
Alekseev,2
Sakari Games,2
Studio Evil,2
Joe Richardson,2
Ktulhu Solutions,2
Incredi Soft,2
www.Spellbook.com,2
Smudged Cat Games Ltd,2
KAIJYU-09,2
Blueside,2
Aterdux Entertainment,2
Phanom Games,2
Home Net Games,2
Alvios,2
White Rabbit Games,2
Numantian Games,2
GexagonVR,2
GATO STUDIO,2
Kodots Games,2
ZOV GAME STUDIO,2
Flashbulb,2
Play2Chill S.A.,2
Croteam Publishing,2
Unfinished Pixel,2
Deceptive Games,2
ARIKA,2
Xaviant Games,2
30,2
Crunching Koalas,2
JMJ Interactive,2
GirlGames,2
RockGame S.A.,2
Cyanide Studio,2
Develobster,2
a327ex,2
GameTrust Games,2
Boogygames Studios,2
CM Games,2
Blazing Planet Studio,2
KranX Productions,2
EJRGames,2
BULKHEAD,2
Devdan Games,2
Rogue Games,2
eduweb,2
Dovetail Games - Fishing,2
What Pumpkin Games,2
Baked Games S.A.,2
Abylight Studios,2
HUBLOTS,2
The Farm 51,2
Data Realms,2
Last Dimension,2
PINIX,2
Juri Schupilo,2
Almost Human Games,2
SCT,2
Crate Entertainment,2
Night School Studio,2
North of Earth,2
Flamebait Games,2
Wolf & Wood Interactive Ltd,2
Pugware,2
Sad Horse studio,2
Analgesic Productions,2
CGGAMES,2
MinMax Games Ltd.,2
Underbite Games,2
The Tambourine,2
Cassel Games,2
Iteration 11,2
Hajime Doujin Circle,2
CentVire,2
Siberian Mouse,2
Psytec Games Ltd,2
Black Tabby Games,2
Vidas Salavejus,2
The Fox Knocks,2
Burst2Flame Entertainment,2
Flippfly LLC,2
ION LANDS,2
SmiteWorks USA,2
Restory Studio,2
Noumenon Games,2
AneaGames,2
Evilized productions,2
TopWare Interactive ACE,2
BadWolf Games,2
Mossmouth,2
AGM PLAYISM,2
Kot in Action Creative Artel,2
m07games,2
Puppet Combo,2
SUNFISH Co.,2
Unika Games,2
Lightning Man Media,2
ANIPLEX.EXE,2
Hitbear Studio,2
ViNovella Games,2
Bad Vices Games,2
Lupiesoft,2
Motorsport Games,2
Spyridon Thalassinos,2
Nemesys Games,2
Magic Notion Ltd,2
Anate Studio,2
绝汪,2
Blyts,2
Sim Farm S.A.,2
LizardFactory,2
pheenix93,2
Y Press Games,2
Razzart Visual,2
Explosive Squat Games,2
yeo,2
Killmonday Games AB,2
Perfect World Entertainment,2
CubeCube Sports Ltd.,2
Asymmetric,2
Wandering Wizard,2
SilentFuture,2
Eternity Studios,2
Dr PinkCake,2
Vision Games Publishing LTD,2
Spaces of Play UG,2
Idea Factory,2
BekkerDev Studio,2
2x2 Games,2
8floor,2
First Games Interactive,2
Master Indie,2
Ninja Kiwi,2
Dionic Software,2
Valsar,2
COLOPL,2
Isolated Games,2
Squanch Games,2
FYQD-Studio,2
TECOPARK,2
LookAtMyGame,2
Terapoly,2
17Studio,2
Silver Lemur Games,2
UFO Interactive Games,2
Herrero Games,2
ROCKFISH Games,2
Digital Seductions,2
Cortopia Studios,2
Manager Games S.A.,2
LVGameDev LLC,2
Door 407,2
Madruga Works,2
Top Meadow,2
VDO Games,2
SekaiFrieden,2
Konsordo,2
Nocturnal works,2
Final Boss Entertainment,2
Doragon Entertainment,2
Talking About Media,2
Cyanide Studios,2
Donkey Crew,2
Badim,2
Krillbite Studio,2
Megastorm Games,2
DiezelPower,2
Fish Eagle,2
Stegalosaurus Game Development,2
Leikir Studio,2
Neat Corporation,2
Double Stallion Games,2
Young Horses,2
SEEP,2
Flat Earth Games,2
Subset Games,2
SIG Publishing,2
G-Blood,2
Sluggerfly,2
IndieLip,2
Planetary Annihilation Inc,1
NetEase Games Montréal,1
Oscar Kenneth Albero Ingles,1
Studio 397,1
kamti,1
Lapovich Team,1
PixelTail Games,1
Marvelous Games,1
KIMIDORI SOFT,1
Red Level Games,1
EuroVideo Medien GmbH,1
废材炼金术士,1
Flat Chest Dev,1
teamcoil,1
KAYAC Inc.,1
bool games,1
Clockwork Bird,1
Undergrad Steve,1
Santa Goat,1
Aartform Games,1
Superboss Games,1
Scraping Bottom Games,1
Shambles Software,1
Salamander Studios,1
Kraken Bit,1
Frostcloud Studios,1
PSY LABS,1
Nexile,1
PIXOWL INC.,1
Darkcross Games,1
Team Panoptes,1
TEAM Black Hat Robot,1
Aleksey Abramenko,1
Super Alex,1
doorfortyfour,1
Evolutionary Games,1
Dylan Loney,1
Dark Screen Games,1
Volcanoid,1
ICA GAMES,1
Seaven Studio,1
tenekekafalarstudios,1
BearFighterDev,1
YGGDRASIL STUDIO,1
Dylan White,1
Pump Action Games,1
Parallel Circles,1
Bilge Kaan,1
Gabhel Studios,1
Immortal Hand Studios,1
Toukana Interactive,1
Little Worlds Interactive,1
Ironward,1
Bulbware,1
Cosmic Crow Creations,1
NerdyYetis,1
ShadowBrain Games,1
Denis Esie,1
Lost Spell,1
Stray Bombay,1
Super Awesome Hyper Dimensional Mega Team,1
Biart Company LLC,1
UPLAY Online,1
Foreign Gnomes,1
Nick Kestle,1
Timon Herzog,1
Stirfire Studios,1
天津芸芸科技有限公司,1
Phenomenon Games,1
Matt Cole,1
Rava Games,1
Valravn Games,1
Monomyth Games,1
Ureasoft,1
Alzan Studios,1
Turbo Pelvis 3000 inc.,1
James Bendon,1
托更的修罗,1
Ludus Games,1
Trevor Jones,1
Digixart,1
Peter Whalen,1
Crazysoft ltd,1
Ballistic Interactive,1
Cateia Games,1
Manic Hyena,1
Emmanuel Salva Cruz,1
Sand Sailor Studio,1
Tiny Bull Studios,1
Beautiful Glitch,1
Monster Couch,1
Stonemaier Games,1
Achrony,1
Lumbernauts,1
Amazon Games,1
RCMADIAX,1
Picklefeet Games,1
Lukas Trötzmüller,1
Fazan,1
Pipliz,1
Magic Dungeon Studio,1
Batovi Games Studio,1
Event Horizon,1
Casual Brothers,1
Cowboy Color,1
SOEDESCO Publishing,1
Jarrod Brown,1
MarineVerse,1
Solanimus Inc.,1
Poking Water Games,1
Wyse Games,1
United Independent Entertainment GmbH,1
NEKOTOKAGE GAMES,1
Touz,1
RobTop Games,1
Hikergames,1
Turbulon Interactive,1
Lightning Rock,1
Drahcir,1
Axel Sonic,1
Future Proof Games,1
Luke Godfrey,1
Artless Games,1
Big Ant Studios,1
Flying Mollusk,1
Digital Dreams Entertainment LLC,1
Cartboard Games,1
Moonworks,1
Scarecrow Arts,1
Redaster Studio,1
2Awesome Studio,1
Lioncode Games,1
Snowbit Interactive,1
Grenoble Interactive,1
L Twigger,1
DreamGate,1
Hellscape Games,1
Thibaud Michaud,1
Mischka Kamener,1
GoldenGod Games,1
Infinitap Games,1
Bloodmane Interactive,1
Badland Studio,1
Evgenii Gubanov,1
VOID Interactive,1
Ink Dragon Works,1
Nilo Studios,1
Games Box,1
Yheeky Games,1
Damian Sommer,1
WarpFrog,1
Steven Colling,1
BANDAI NAMCO Entertainement,1
La Moustache Studio,1
Futuretown,1
Spaceboy Games,1
Liquid Bit,1
ATOMIC BREATH,1
FraZack,1
Pirate Software,1
Cubicle Ninjas,1
VoxelStorm,1
Boomzap Inc,1
Knotty Games,1
Brightrock Games,1
（Hong Kong）GKD Game Studio,1
Cartoon Network Games,1
Lumenox ehf,1
鬼谷工作室,1
Laura Shigihara,1
Noble Games Studio,1
Chaos Concept,1
Anvil-Soft,1
SynapticSwitch,1
LeadTech,1
Blake Fix,1
Wee Free Studio,1
Immortal Game Studio,1
Ian MacLarty,1
Antonio Renna,1
ManaVoid Entertainment,1
Ningbing Games,1
Naloki,1
rdein,1
Vivid Games S.A.,1
Final Form Games,1
MichaelArts,1
Worldwalker Games LLC,1
Team Meat,1
Bismuth Games,1
Activision (Excluding Japan and Asia),1
FromSoftware (Japan),1
方块游戏 (Asia),1
GIANTY Inc.,1
Microïds Indie,1
FCD Games,1
NUU,1
OneOcean LLC,1
Kinmoku,1
kunst-stoff GmbH,1
Luminark,1
TERNOX,1
QCF Design,1
Cognitive Forge,1
Prime Bit Games SA,1
Ac Games,1
Last Day of Work,1
Toxic Games,1
Spilt Milk Studios Ltd,1
Pixelante Game Studios,1
Educational Games,1
IPACS,1
eigoMANGA,1
Black Beach Studio,1
Portable Moose,1
Davioware and Quazi,1
WanadevStudio,1
Mozg Labs,1
Straight Back Games,1
PomPom Games,1
祥,1
Bloodwolf Studio,1
Delve Interactive,1
Last Day Of Work,1
Team Jolly Roger,1
Advanced Interactive Gaming,1
Retrific,1
Wang Liwen,1
MyDearest,1
Nazar Studios,1
Future Immersive,1
Lasengle Inc.,1
Player Of Music Technology Co.,1
Portal Entertainment,1
Andrealphus Games,1
Serkan Bakar,1
FUN Creators,1
FourbitFriday,1
Crafting Legends,1
Berdochan,1
MindShaft Games,1
Steppe Hare Studio,1
Yooreka Studio (Greater China),1
PUNKCAKE Delicieux,1
Huw Millward,1
Mountain Sheep,1
Gergely Zsolnay,1
Richard Markos,1
Sonic Sloth,1
bitComposer Interactive GmbH,1
i273 LLC,1
Blue Comet Games,1
Texel Raptor,1
Ponywolf,1
ehmprah,1
Zero Point Software,1
Deli Interactive LLC,1
Progorion,1
Sky Ship Studios,1
Final Game Studio,1
Awaceb,1
Narrator,1
DyingCat,1
Adventure Productions,1
Daring Touch,1
Triple Rush Games,1
Creepy Jar,1
SculptrVR,1
New Worlds Games,1
Vanguard Games,1
Sven Neumann,1
Tiger Style,1
AHEARTFULOFGAMES,1
Snowrunner Games,1
Beach Interactive,1
Horny NPC Games,1
Sleepy Studios,1
Umbu Games,1
The Pixel Mine Ltd,1
Blagovest Penev,1
LizardKing,1
11,1
10 games,1
Toy Temp,1
TB Games,1
Nekomura Games,1
Tale Studios,1
Linkflag,1
Asteroid Base,1
Superstatic,1
Ultimate Games,1
Applimazing,1
No Matter Studios,1
Playdigious,1
DoubleMoose Games,1
Temple Gates Games,1
Far Road Games,1
Hearthfire Studios,1
The Munky,1
Sonera Game Studio,1
Galart,1
Rogue Rocket Games,1
ORANGE POPCORN,1
SOFTSTAR TECHNOLOGY(BEIJING),1
Pixel Cream,1
Stirling Games,1
Yullaby,1
Snowman,1
Galdor Studios,1
Triple.B.Titles,1
Maschinen-Mensch,1
Screambox Studio,1
GOCORE,1
Prime Games,1
Soul Forge,1
Aerolab Studios LTD,1
Remothered s.r.l.,1
Soloweb Studios,1
Dimension 32 Entertainment,1
Alon Zubina,1
Kajak Games,1
Rockbee,1
Ice Water Games,1
Shawn Beck,1
Self Published,1
Thinking-Twins GbR,1
Qooc Software,1
Cuddly Zombie Games,1
BRHP,1
20th Century Fox Film Corporation,1
Sierra Lee,1
Lizard Hazard Games,1
Cybernetik Design,1
Cheese and Bacon Games,1
Ranmantaru Games,1
Omnirift,1
MOONBEAR,1
Hoochoo Game Studios,1
Cherry KIss Games,1
Talecore Studios,1
Valiant Game Studio AB,1
The House of Fables,1
Numinous Games,1
Inverge Studios,1
Noetic Games,1
NFA,1
The Small Game Company,1
Dreaming Door Studios,1
InArcade,1
Polyarc,1
Supertype,1
XIAOYAO,1
Conatus Creative Inc.,1
Jonas Kyratzes,1
Gameforge 4D GmbH,1
Other Kind Games,1
Outerminds Inc.,1
It's Anecdotal,1
Normal Wholesome Games,1
Twisted Pixel Games,1
1Thousand,1
DMT,1
Three Gates AB,1
Adam Spragg,1
CreamCatGame,1
David Su,1
karnedraws,1
Jonathan Mulcahy,1
NVYVE® Studios,1
Digital Leisure Inc.,1
Flox Studios,1
Illusion Ray,1
DEVGRU-P,1
Molegato,1
New Star Games,1
Tolga Ay,1
RogueWare,1
Real Dynamics,1
Ragged Games,1
Liam Hughes,1
Ryan Cooper,1
Maverick Games,1
Aggroblakh,1
Al Fine,1
Andrew Willman,1
Headless Wizard,1
Inca Games,1
Orbital Knight,1
YFYX games,1
Thorium,1
Wily Pumpkin,1
Level Up Labs,1
RAV3 Interactive,1
Liber Primus Games,1
Neokosmos Technologies Ltd.,1
Red Fly Studio,1
iam8bit,1
Eko Software,1
Thiemo Bolder,1
ONEMANGAMES,1
Hardy Games,1
Devonian Interactive,1
Pinkerton Road Studio,1
Self,1
GLOAM,1
Vladislav Castillo Gonzalez,1
SPG Mistarille,1
Obscurasoft,1
Gamerizon,1
Jannik Nickel,1
Fossil,1
Spawn Digital,1
Lumiere Studios,1
oophok,1
NEOPOPCORN Corp,1
VINE,1
Grapeshot Games,1
Beau Blyth,1
Radical Phi,1
Byulbram Studio,1
Kiary Games,1
314 Arts,1
Albino Moose Games,1
Stratecade LLC,1
Reverse Impact,1
Cult Software,1
Green Lava Studios,1
VRKiwi,1
Top Hat Studios,1
BaileyHausdorff Systems,1
Kurechii,1
Evil Indie Games,1
Affray Interactive,1
Oddrok,1
Infamous Quests,1
Joshua Missile,1
Rocket Jump Technology,1
Shift Now,1
IceSitruuna,1
方块游戏,1
Open Sorcery Games,1
7 Raven Studios,1
MyDreamForever,1
Zaxis Games,1
Game in a Bottle,1
Vectorpark,1
Tiny Warrior Games,1
GIANTS Software,1
The Southern Gaming Syndicate,1
Drone Champions League,1
Flying Islands Team,1
Genesz,1
Quantum Phoenix Studio,1
Sastrei Studios,1
Turbo Pixel Studios,1
HyperKat Games,1
Amistech Games,1
Pixel Edge Games,1
Three Donkeys LLC,1
Max Indie Games,1
tons of bits,1
Revolutionary Games Studio,1
Elliptic Games,1
Diagrammet AB,1
Tupã Games,1
Night Steed Games,1
Z-Software GmbH,1
OraMonkey,1
Boundless Dynamics,1
P3 Games,1
Cosmo D Studios LLC,1
Lisa Voronova,1
Grid Sage Games,1
North Star Games,1
Job Talle,1
Thomas Mackinnon,1
Flying Cafe for Semianimals,1
Lizardry,1
Boneloaf,1
Team Sorcerobe,1
Lukas Rustemeyer,1
Webble Games,1
DigX Studios,1
Black Dog,1
Protection Games,1
Business Goose Studios,1
Pocketwatch Games,1
Craneballs,1
Last Bastion Studios LLC,1
Exbleative,1
Driven Arts,1
致意,1
LockedOn,1
Lingtan Studio,1
Star Vault AB,1
NonFictional Games,1
ColePowered Games,1
Warrior General Games,1
StickyLock Studios,1
SpaceMyFriend,1
SECRET CHARACTER,1
Polymorph Games,1
Strange Journey,1
BeatBoxer LLC,1
Catobyte Ltd,1
Syrena Interactive,1
Dangen Entertainment,1
Idea Fabrik,1
Ludochip,1
kan.kikuchi,1
ErayTek,1
Snowcastle Games,1
Mojang,1
Heydeck Games,1
Clewcat Games,1
Videojuegos Fermín,1
wefiends,1
Daybreak Game Company,1
Studio MDHR Entertainment Inc.,1
Stygian Software,1
3DPet,1
Cipher Hive,1
VRWERX,1
First Game Studio,1
RecordMedia,1
Kitsune Games,1
Procedural Level,1
Element Studios,1
EraKles,1
BigLight.Games,1
Electronic Sheep Games,1
TotalGearGames,1
5 Lives Studios,1
LUK KUS SOFT,1
Lastwhirlwind,1
Trendy Entertainment,1
One Man Band Games,1
Agharta Studio,1
HorseGames,1
Julia Games,1
Sector D2,1
Hart Laboratories LLC,1
Final Scene dev,1
82 Apps,1
Vladimir Romanyuk,1
Ionized Games,1
BottleCube inc.,1
Hinterland Studio Inc.,1
Volker Elzner,1
Strides Interactive Game Studio,1
Homegrown Games,1
Fabricated Reality Software,1
Sedoc LLC,1
Spooky Squid Games Inc.,1
Simon Fredholm,1
Nkidu Games Inc.,1
Lucasfim,1
Eugeny Butakov,1
Foolish Mortals Games,1
MedievalNexus,1
Mesote Games,1
Bulldog Interactive,1
Righteous Hammer Games,1
IndiePub,1
Picroma,1
Morteshka,1
AMG GAMES,1
Gentle Ghouls,1
GEOMETRIC BYTES,1
StoryTale Studios,1
XNZONE,1
Kindred Games,1
WOBBL3 Entertainment LLC,1
Studio TeamShuriken,1
Waz Games,1
Matt Cohen,1
Kimmo Factor Oy,1
Old High Software,1
Gaijin Entertainment Corporation,1
Joakim Sandberg,1
VANDERMAESEN GAMES,1
Omni Systems,1
DWANGO Co.,1
Damian Schloter,1
Drizzly Bear,1
Wizard Games,1
Housemade Inc.,1
Funghisoft,1
Zodiacus Games,1
Blazar Games,1
Wankil Studio,1
AtomicHorde,1
ansdor,1
TGC,1
Studio Canvas,1
Hako Games,1
Small Moons,1
Steel Sky Productions,1
Homiebear Studio,1
INTERMARUM,1
Errigar Games,1
Jimbob Games,1
Sophie Houlden,1
Easy Joy Ltd.,1
Veelhoek Studios,1
Madcat Games,1
YorkshireRifles,1
Coilworks,1
Steel Crate Games,1
Daygames,1
昆布科技,1
Encryptique,1
Dids,1
DimleTeam,1
Mechabit Ltd,1
Willpowaproject,1
Oz,1
EvilCoGames,1
Studio Whisky Tango Inc.,1
Raster_Entertainment,1
Cold Iron Studios,1
Interama - Interactive Technology,1
The Scholastics,1
3-Tricks,1
NotGames,1
One Hamsa,1
Onion Games,1
Reality Smash,1
AAD Productions,1
Karaokulta Games,1
Binogure Studio,1
大きくて強い,1
Magnolia Art,1
Xobermon,1
A.Y.std,1
Raging Usagi Corporation,1
Necrophone Games,1
Defroids,1
Bomb Shelter Games,1
Anti-Ded GameDev,1
软星科技（北京）有限公司,1
Human Head Studios,1
Numskull Games,1
S-court,1
Bambuseae Games,1
Italic Pig Limited,1
BeamNG,1
Alexander Goodwin,1
Zaratustra Productions,1
Monkeybin AS,1
Polyák Kristóf,1
Ejoy Games,1
No Pest Productions,1
(none),1
Firebrand Games,1
Lukas Navratil,1
Vector Hat,1
Blazes Games,1
Infectious Ape,1
Prey Interactive,1
多极网络,1
Acute Owl Studio,1
Dale Turner,1
Vanimals,1
Romenics,1
SuckerFree Games,1
Carbon Studio,1
Creative Pudding Hungary Llc.,1
Amazu Media,1
RubberBandGames,1
Something We Made,1
Lost Pilgrims Studio,1
Gaugepunk Games,1
nornware AB,1
Step 1 Games LLC,1
bmrec,1
Mangatar Games,1
Skystone Games Inc.,1
Toco Games,1
Luandun Games Pte. Ltd.,1
Retro Affect,1
SteelRaven7,1
Ballistic Frogs,1
Newfa Games,1
Betelgeuse Zero,1
Gleamer Studio,1
Kinto Games LLC,1
Kaikalii,1
Robin,1
NanoidGames,1
mtb design works,1
TABINOMICHI,1
RAC7 Games,1
Creaky Lantern Games,1
Stone Fox Studios,1
YAW Studios,1
Iridium Studios,1
RedBoon,1
GameRealmMadness,1
AnukenDev,1
Mad Fellows,1
Glaive Games,1
Sad Doge,1
Stonebrick Studios,1
Ellada Games,1
Radiangames,1
Killer Bees Games,1
Chaosoft Games,1
Rocwise Entertainment,1
Unlimited Fly Games,1
Gniller,1
Boxelware,1
Koya Game,1
Light Road Games,1
Drool,1
BySamb,1
Manic Mice,1
Ape Law,1
Ondrej Angelovic,1
Pixel Gangsta Studio,1
DNVR Prod,1
Tower Games,1
TT Games,1
RagTagRadical LLC,1
Reaper Games,1
Phoenix Game and Publisher Studio,1
Critical Bit,1
Hipfire Games,1
Alternative Software Ltd.,1
One Wheel Studio,1
Signal Studios,1
Naps Team,1
Noostyche,1
Intragames Co.,1
Artifice Studio,1
Checkmaty,1
Endnight Games Ltd,1
Modern Visual Arts Laboratory,1
Bigger Boat,1
indie_games_studio,1
Construct Studio Inc.,1
Pera Games,1
David Stark,1
Scion Studios,1
HFTGames,1
MassHive Media,1
Decaying Logic,1
QuadraTron Games,1
Trickjump Games,1
Pumpkin Interactive,1
BigCheeseGames,1
TD Indie,1
Graphite Lab,1
Screaming Villains,1
Arkane Studios,1
Дмитриев Максим Константинович,1
Drecom Co. Ltd.,1
Dovetail Games - Trains,1
Cherry Co. Studios,1
Joygo.Studio,1
MMOVentures,1
Reality Reflection,1
MeNic Games,1
GridSky Software AS,1
ACE Ed-Venture Studio,1
Dog Theory,1
Zut Games,1
Firemint,1
Sector-K Games,1
Tunermaxx Media GmbH,1
Wargaming.net,1
Campo Santo,1
Paper House,1
Fireblade Software,1
Simogo,1
BBEW BBEW,1
IndigoBlue Game Studio,1
24 Entertainment,1
Beep Games,1
Perfect Square Studios,1
Look Book Inc,1
ThroughLine Games,1
Hopoo Games,1
Interplay Corp,1
Studio Sott,1
Wenkly Studio Sp. z o.o.,1
rologfos,1
Tambouille,1
Crimsonite Games,1
Rageborn Studio,1
GameBoom VR,1
Pieces Interactive,1
Awesome Enterprises,1
Laboratory Systems,1
D-Pad Studio,1
Origin8 Technologies Ltd,1
Travian Games GmbH,1
Meta Interaction,1
Spread Shot Studios LLC,1
Rymdfall AB,1
Hars,1
Battenberg Software,1
Rune Skovbo Johansen,1
Graybeard Games,1
Ctrl Alt Ninja Ltd.,1
Play Spirit Limited,1
BeagleGames,1
Completely Fair Games LLC,1
Veslo Games,1
Creaky Corpse Ltd,1
1999UEM,1
Nami Tentou,1
Soaring Pixels Games,1
Perilous Orbit,1
Jens P. Behrens,1
The_Kiddy,1
Redlock Studio,1
Shotx,1
Pixel vs Pixel,1
Persona and Pixel studio,1
Matt Glanville,1
Wayward Prophet,1
Rafael Burgos,1
NAISU,1
Skookum Arts,1
Multiverse,1
Dapper Swine,1
Smug Marmot Studios,1
S.C. 16 BIT NIGHTS S.R.L.,1
White Vertex Studios,1
Brian Cronin,1
New Game order,1
Fabraz,1
Cubic Pie,1
Zetsubou,1
Fate Game Studio,1
Daisyowl Games,1
Dragon's Games,1
Starni Games,1
WANIN International,1
Kunos Simulazioni,1
Coden Studio,1
Zan_HedonDev,1
dustinaux,1
Neko Cloud,1
Crash Wave Games Inc.,1
ProPixel Games,1
Xenoaisam Studio,1
earrgames,1
SwordRP5,1
On The Level Game Studios,1
Mirari&Co.,1
Tiny Horse Games,1
Mads Skovgaard,1
Red Beat,1
Quantum Entanglement Games,1
ATi Studios A.P.P.S. SRL,1
BrainStrainStudios,1
Antiidelay,1
Warp Turtle,1
KirUn,1
LionSword,1
Sköll Studio,1
STUDIO HG,1
Space Paw Studios,1
JustUsGameLab,1
2 Zombie Games,1
PolyDigital,1
Dust Scratch Games,1
What Up Games,1
Tiny Titan Studios,1
Red Mage Games,1
Anima Locus,1
一寸光年G2工作室,1
Fumiko Games,1
GGHF,1
Zoink Games,1
Atypical Games,1
68k Studios,1
Games by Robert,1
Light Echo,1
Owl Studio,1
Binary Soul,1
Caveman Studio,1
Brushfire Games,1
2.21,1
Outerdawn,1
Spiderwork Games,1
Positech,1
Peпtacle,1
Reverb,1
Bloody Pixel,1
Monticube,1
GTE Entertainment,1
One Legged Seagull,1
Huy Phan,1
Peregrin Developers,1
VR Nerds,1
Oneirolith,1
Xendra,1
Forward Global Group,1
Yokcos,1
Boxhead Bros.,1
Digitalworks,1
GlassesCatGames,1
Unleash the Giraffe,1
Giant Margarita,1
Snow Cannon Games,1
Asterion Games,1
the whale husband,1
Bouncyrock Entertainment,1
Dystopia Interactive,1
Andre Monteiro,1
The Merchant Guild of Rund (Limited),1
Tasharen Entertainment Inc.,1
Infinite Monkeys Entertainment Ltd.,1
Crabby Team,1
Wessel Stoop,1
Salsawi Games,1
Systemic Games,1
Mark Chong,1
MaverickMatryoshka,1
橙光游戏,1
Dumbfounded,1
7A Games,1
Ivan Zanotti's MyMadnessWorks,1
Ant.Karlov,1
Hemisphere Games,1
Game Trust,1
Hide Head,1
Blaze Worlds,1
FAKKU,1
PD Design Studio,1
EYEFRONT,1
PulseTense,1
Dreamlight Games Studios SL,1
Traptics,1
Novation Games,1
Grey Wizard Innovative,1
Short Sleeve Studio,1
Look At My Game,1
Nathan Meunier,1
Lost in Days Studio,1
N4bA,1
Ebenit,1
Tuxedo Labs,1
Pouchmouse,1
Sauropod Studio,1
Berzerk Studio,1
Nowhere Studios,1
Arachnid Games,1
Chris Hecker,1
Rotorist Workshop,1
Free Candy Games,1
Microprose Software,1
Ravegan,1
Pixellica Corp.,1
Feperd Games,1
NEKO WORKs,1
My Next Games,1
FreezeNova.Games,1
Sinkhole Studio,1
KasSanity,1
Cornutopia Software,1
SuperChop Games,1
SMP,1
GUT.GAMES,1
Igor Litvinsky,1
Two Mammoths,1
Holospark,1
Moment Studio,1
Second Order,1
UnicON,1
zstar,1
Moonlight Mouse,1
maddma,1
KIRA,1
Fallen Tree Games Ltd,1
Urnique Studio,1
Torture Star Video,1
John Szymanski,1
Goblinz Digital,1
MoFunZone Inc.,1
Team HalfBeard,1
Laumania ApS,1
Bryce Summer,1
Game Grumps,1
Overseer Games,1
Chronicle Bench,1
Rocket-Engine Co.,1
Extrokold Games,1
Razbury Games,1
Cosmocat,1
Crazy Rocks Studios,1
BreakAway Games,1
Shawn McGrath,1
Dancing Devils,1
GuidiGermano,1
FelGC.GamesDevelopment,1
3100 games,1
Empyrean,1
Lithic Entertainment Inc.,1
STP WORKS,1
Awfully Nice Studios,1
Wevr,1
Untitled Studio,1
Northplay,1
dopagames,1
Pixel Sprout Studios,1
Transhuman Design,1
Digital Tentacle,1
room6,1
yokaze,1
Poorwill Games,1
Armnomads,1
Spider Key Games,1
High Brazil Studio,1
Incuvo,1
Cyber Eye,1
Waraní Studios,1
STUDIOARTDINK,1
G CHOICE,1
Just Making Games,1
Whirlybird Games,1
7DOTS,1
IonFX Studios,1
Maciej Kuzianik,1
Epiphany Games,1
5WORD Team,1
Eleon Game Studios,1
Ripatti Software,1
K Monkey,1
Circle 5 Publishing,1
Iteration Games,1
Bishop Games,1
Rhythmical Badass,1
SinVR,1
Dead Monarchy Studios,1
IriySoft,1
Vikintor Interactive,1
Beep Japan,1
Great Cogs,1
idealCat,1
Kloonigames,1
RadiationBurn,1
CREST,1
Paper Cult,1
SuperTry Studios,1
Mikhail Melnikov,1
Pixel Forest Games,1
LightEx,1
Myrolit Studios,1
Arrible,1
Wang Wenxi,1
Asteroid Game Studio,1
Erebus,1
Celeritas Games,1
Atorcoppe Games,1
英雄互娱,1
Chris Johnson,1
Chris Larkin,1
Hanaji Games,1
Rising Sun Interactive,1
Tin Can Studio,1
bitSmith Games,1
Persera Software Inc.,1
Cyberisle Inc.,1
Streamline Media Group,1
Karolis Dikcius,1
Jon Aegis,1
Black Eye Games,1
Viperante,1
FlexileStudio,1
Briganti,1
Pixel Toys Games Ltd,1
Obsidian Entertainment,1
RoKo0 (Roman Konyukhov),1
Cellbloc Studios,1
L&L Technology,1
Axis Games,1
Strobs Canardly,1
Jun Takahashi,1
Lord Puggington Games,1
MythoLogic Interactive,1
Brainbox Software,1
Erik Svedäng,1
Way Down Deep,1
Twisted Tree,1
Silk Games,1
Magyu Studio,1
LAJE Studio,1
Hack The Publisher,1
Enter Main Loop,1
Mooneye Studios,1
Idan Rooze,1
MidBoss,1
LLC.,1
Ghost Crab Games,1
Pentavera,1
Dragom,1
Adventurer's Tavern,1
LABS,1
Kokutou Umeboshi,1
Invictus Games Ltd.,1
Cyber Rhino Studios,1
The I Love Company BV,1
Rainware,1
The Drone Racing League,1
Goldhawk Interactive,1
Zai Studio,1
Game Odyssey Limited,1
Rocket Vulture,1
Lesser Evil Games,1
House House,1
James Id,1
IzanagiGames,1
N-Tri Studio,1
Lockpickle,1
BTNcafe,1
Lionbite Games,1
Marevo Collective,1
Pajama Llama Games,1
Electric Succubi,1
Defrost Games,1
Coffee Addict Studio,1
2:30 AM Studios,1
Checkmark Games,1
99 Game Studio,1
Retro Reactor,1
Streembit Ltd,1
Thunkspace,1
Conor Petersen,1
Digital Bento,1
Displacement Studios,1
mino_dev LLC,1
BlinkWorks Media,1
Lucky Frame,1
VectorStorm Pty Ltd,1
Arcadia,1
Mad Capacity,1
LREVG,1
7 Soft Pillows,1
Michael Brough,1
明枭网络,1
Rasul Mono,1
Dan Walters,1
OVALIS INVESTMENTS LIMITED,1
TFL Games,1
Saber Interactive Inc,1
KX games,1
Shovsoft,1
Mischief,1
Wildlife Studios,1
Adriaan de Jongh,1
WZOGI,1
Totally Normal Creature,1
Saikono,1
LumiNet,1
Qwiboo Ltd,1
Stout Games,1
リストランテ助六,1
Deathly Ideas,1
Zanrai Interactive,1
Bandai Namco,1
E-Home Entertainment,1
Tomas Gonzalez,1
Chorus Worldwide Games,1
Frima Originals,1
Noclip,1
BANDAI NAMCO Entertainment America Inc.,1
The Dragonloft,1
Neomateria Games GmbH,1
Stuck In Attic,1
Dune Clockidy,1
Tiger Studios,1
Studio Minus,1
BlackSheep Games,1
Team Grybanser Fox,1
Entrada Interactive LLC,1
Nemeton Singularity Simulations,1
Screwy Lightbulb,1
Ogre Head Studio,1
Low Magic Studios,1
Mystik'Art,1
Horizon Studios,1
Gunnar Games,1
Kogei,1
ANIM•ACE,1
Zadbox Entertainment,1
Dymchick1,1
Jungle Coworking,1
Freejam,1
Impact Gameworks,1
doekuramori,1
Top Hat Studios Inc,1
HiFight,1
SpicyTails,1
Tomorrow Games,1
Ground Shatter,1
CreSpirit,1
Chongming Studio,1
Echodog Games,1
Meteor Shock,1
Cheerful Ghost,1
rupiwood,1
Copychaser Games,1
Silentplaygames,1
CREATIV GAME DEVELOPER LLC.,1
Milky Tea Studios,1
Auren Snyder,1
Metanaut,1
Fire Cycle Games,1
LoadComplete,1
Teawork Dev,1
Polyslash,1
StarBlade,1
Dreadlocks Ltd.,1
Goodgame Studios,1
Iron Galaxy,1
Above and Beyond Technologies,1
Calvin Weibel,1
Thomas Happ Games LLC,1
Retro Warp Gaming,1
Pillow Pig Games,1
Milo Games,1
Big Way Games,1
Two Glass Hams,1
Slay.one,1
Amaranth Games,1
Clock Wizard Games,1
Stupid Stupid Games,1
Cardboard Keep,1
Mr.Lordy,1
pointfiveteam,1
Neotenia,1
Nova B12,1
Ivy Games,1
Nicholas Rizzo,1
Adam DeLease,1
Sensiga,1
Street Lamp Games,1
Mysteria Studio,1
Vankrupt Games,1
Bolverk Games,1
Playrise Digital Ltd.,1
New Deer,1
GameCask,1
Last Level,1
QED Games,1
Salty Dog Digital,1
Quite Different Mechanics,1
Conifer Games,1
Black Jacket Studios,1
Visigames,1
FreakZone Games,1
Ankama Games,1
赤瞳大白猫,1
lamb of game,1
AT-AT Games,1
Exor Studios,1
Culture Attack Studio,1
NGV Studio,1
Kluge Interactive,1
September Games,1
Owlet,1
Titanforged Entertainment,1
Atom Switch,1
Bohdan Taraba,1
Artery Games,1
Lantana Games,1
Bootsnake Games,1
哈视奇科技,1
ColdGames,1
Refract,1
Activision Value Inc.,1
ImageCode,1
Magic Item Tech,1
Maru Project Develop Team,1
Awe Interactive,1
varlamov5264,1
Scherrer Medien GmbH,1
NinjaBee,1
SuperWriter,1
Indievision,1
Critical Forge,1
BADA Games,1
Active Games,1
Tender Claws,1
MrFatcat,1
Power Up to Maximum,1
Redbeak Games,1
MT Worlds,1
0UP GAMES,1
Charlie Fleed,1
Studio Nanafushi,1
Circle Five Publishing,1
Hues Games,1
ORIGAME DIGITAL,1
Ben 'Yahtzee' Croshaw,1
Darkmatter Games,1
Antizero company,1
W. T. B.,1
Two Tribes,1
RageSquid,1
Alan Edwardes,1
Nerf Game Co. Ltd.,1
ImaginationOverflow,1
Geometa,1
SUNNY SIDE UP,1
Three Guys Game Studio,1
DevilishGames,1
deviant.tech,1
pencil,1
ILIKESCIFI Games,1
Roenko Games,1
Isotope 244 LLC,1
Art Games,1
Icebird Studios,1
Somnium Space Ltd.,1
Shattered Pixel,1
Revival Productions,1
Masterbrain Bytes,1
SouthPeak Games,1
Garden Knight Games,1
Detalion Games S.A.,1
DFour Games,1
Spawn Point OSK,1
Placeholder Gameworks,1
Martian Rex,1
Slid Studio,1
Machine Studios,1
Space Bullet Dynamics Corporation,1
Trainwreck Studios,1
Asteristic Game Studio,1
One Man Behind,1
FOAM Entertainment,1
Nimbly Games,1
Marauder Interactive,1
Giant Army,1
Parallel Portal,1
WAX Publishing,1
The Box Studio,1
SGTTB_Studios,1
ZiX Solutions,1
Image Space Incorporated,1
Anatoliy Loginovskikh,1
SnoutUp,1
Rashidi Interactive,1
YGGDRAZIL GROUP CO.,1
AkPublish,1
Tomlab Games,1
Filippo Ceffa,1
R-Age,1
Pathfinder Games,1
Friend & Foe Games,1
Dark Day Interactive,1
hyperparadise,1
frecle,1
Gotham City Films,1
Craftven,1
Jerome Bodin,1
Bad Bunny Games,1
Reb_Orn,1
Swing Swing Submarine,1
MobileFusion Apps Ltd,1
Elementarium games,1
Microlith Games,1
grapefrukt games,1
森の中の猫の小屋,1
Lion Shield,1
Oasis Games,1
KiberKreker,1
CBE software,1
Cybertron Design Studios,1
Liens,1
OnigiriStudio,1
Cuddle Monster Games,1
Cranky Watermelon,1
Dropsiick,1
Fuming,1
Hailstorm Games,1
Moonradish Inc.,1
Odd Raven Studios,1
IMGNATION Studios,1
Cypronia,1
JForce Games,1
Drop Dead Interactive,1
The Young Socratics,1
Trapdoor Games,1
Addicting Games,1
Defy Media,1
Storming Tech,1
Cantaloupe Kids,1
Tagstar Games,1
Some-Fish,1
三角猫工作室,1
Morningstar Game Studio,1
Candymakers,1
BRUTE FORCE,1
SomaSim,1
Different Tales,1
Michaela Laws,1
Kuno Interactive,1
Enormous Elk,1
Coinflip Studios,1
VRMonkey,1
Chalcedony Network,1
Shmoops Games,1
Carbon Games,1
Feral interactive (Mac),1
Colossal Wreck,1
Beawesome Games,1
Magic Design Studios,1
HoroArch,1
Wingjoy Games,1
LIGA - Laboratório de Inovação de Games e Apps,1
Devika,1
Sparks Games,1
Legacy Games,1
Fraoula,1
Orbital Speed Studio Co.,1
Gameblyr,1
COWCAT,1
Strangely Interactive Ltd,1
Gambrinous,1
Team Gilbert,1
Borealys Games,1
Mystic Box,1
Blue Bottle Games,1
Stanislaw Dev,1
Hydra Games S.A.,1
Andreas Hager Gaming,1
tinyBuild Games,1
Acureus,1
CREW Studio Krüger UG,1
SUBSIM,1
Chronic Logic,1
NA Publishing Inc.,1
Airem,1
Keith Burgun Games,1
SeithCG,1
Greens s.r.o.,1
Skywall Studios LLC,1
Royal Rudius Entertainment,1
SmallBü,1
White Star Studio,1
Dynamic Zero,1
Happy Badger Studio,1
Steelkrill Studio,1
Please Know More,1
SuQing,1
MobX GmbH,1
Cranktrain,1
Wahler Digital,1
MC Games,1
Bluish-Green Games Inc.,1
AndrewDrumov,1
KuYou Games,1
Game Developer X,1
Linkflag Studio,1
Core Steel Game Studio,1
Earthshine,1
YooGame,1
Steve Hough,1
掌烛文化,1
Nickana Studio,1
Kodama Games,1
Wispfire,1
Wolfiesoft,1
Naarassusi Game,1
Pugsley LLC,1
DarkTigerDevelop,1
Vladimir Cholokyan,1
Markt+Technik,1
Valko Game Studios,1
Stonepunk Studios,1
Salmi Games,1
Saber Fight VR,1
Orthogonal Games,1
ZXDigital Ltd,1
Playstige Interactive,1
WhitePeach,1
The Stork Burnt Down,1
Chris McFarland,1
Serious Games Interactive,1
electrolyte,1
Alister Software,1
Questtracers,1
AQUASTYLE,1
Ammobox Studios,1
Shaun Spalding,1
Third Spirit Games,1
Red Art Games,1
Lavaboots Studios,1
Juicy Beast,1
Gamecosm,1
Triskell Interactive,1
Manka Games,1
Merixgames,1
Opium Pulses Entertainment,1
Syawase Works China,1
Logic Artists,1
Dissident Logic,1
Curtis Holt,1
SP-time,1
Mythical City Games,1
Millenway,1
BancyCo,1
Revelation Games,1
MythicOwl,1
Niko Kivilahti,1
Sbug Games,1
MYTONA,1
ByteRockers' Games,1
Night Node Software,1
AGO Games,1
iFun4all S.A.,1
Greenolor Studio,1
Camshaft Software Ltd,1
anotherworld GmbH,1
Axyos Games,1
赤いトンボ,1
Wolfey Studios,1
The Gentlebros,1
Christopher Cinq-Mars Jarvis,1
Lonely Frontier Studio,1
Yurif,1
inc.ZOFE,1
Thin_Line,1
Pandora Technology,1
Spiderling Studios,1
ZELENYUK,1
Octopus Tree,1
Vencious Games,1
Chondrite Games,1
oddByte,1
Asobism.Co.,1
Seen Games,1
MP Game Studios,1
Reptoid Games,1
Maxint LLC,1
LEGO® Games,1
Studio Monolith,1
PlatinumGames Inc.,1
Erik Asmussen,1
Relative Reality Studios,1
Lee Davidson,1
Spellbind Studios,1
Act 3 Games,1
PrinceXI,1
Spooky House Studios UG haftungsbeschraenkt,1
Coredumping,1
Vanguard Entertainment Group,1
Elushis Music & Gaming,1
2pt Interactive,1
Lunar Giant Studios,1
Bad Pixel,1
KING Art,1
RPGVideo,1
SharkByte Studio,1
EQ Studios,1
Bluebutton Games,1
Morgopolis Studios,1
Parabox Games,1
IEVO,1
Fulinkazan Co.,1
xPathfinder Games,1
Cylinder Studios,1
Hangzhou Xinlan Network Technology Co.,1
SpaceOwl Games,1
Christian Reuter,1
Artcom FZC,1
Dark Energy Digital Ltd.,1
Barnes,1
501 Industries,1
DQ Team,1
dOOb games srl,1
Witte´s Studio,1
Digdog Studio,1
3D Avenue,1
Coduar,1
SignSine,1
a2z Interactive,1
Puppy Punch Productions,1
Kube Games,1
Kraken Empire,1
011 Games,1
NuclearFirecracker,1
Unusualsoft,1
Erichermit,1
KishMish Games,1
PoRovoz Studios,1
CUBETYPE,1
Krystian Majewski,1
Jolifess Inc.,1
Mosaic Mask Studio,1
Paleozoic,1
miqu studio,1
Random Seed Games,1
Fixer Games,1
TIKIPOD,1
StelloHexis,1
SIXNAILS,1
Gears for Breakfast,1
Yuisy,1
Trickjump Games Ltd,1
Mega Cat Studios,1
Hermes Interactive,1
Descendent Studios,1
Fever Pitch Studios,1
Tales of Game's Presents,1
bilibili(China),1
VRillAR,1
Viriver Network Technology Co.,1
Rocket Jump,1
BulatHard,1
That Indie Studio,1
Mens Sana Interactive,1
Game Cooks,1
Chromosphere Games,1
Abrams Studios,1
10 Chambers,1
team BitClub,1
Sunken Treasure Games,1
Virtual Basement LLC,1
Silhouette Valley Games,1
playchocolate,1
JIW-Games,1
Zeroscale,1
零创游戏,1
Fun Quarter,1
Indomitus Games,1
Asixa,1
Petite Fleur Productions,1
Deco Digital,1
Bevel Studios,1
羲和工作室,1
TK Studio,1
DNZY Games,1
Rendercode Games,1
L_Draven,1
Exkee,1
wins_84,1
Datura Games,1
Epic Tavern Holdings,1
s. r. o.,1
3GoGames,1
Seikei Production,1
3dm_live_wallpapers,1
Codeglue,1
Abstract Software Inc.,1
Nerd Monkeys,1
ParasGames,1
562 Interactive,1
Magic Cube,1
tobyfox,1
SCRAMBLER,1
Peow Studio,1
Force Of Habit,1
hentaiByte,1
Faerin Games,1
Avidly Wild Games,1
Hollowings,1
Ayacat Games,1
CAPCOM U.S.A.,1
INC.,1
Tyler Glaiel,1
Moonpod,1
Porcelain Fortress,1
PsychoFlux Entertainment,1
七彩绘色游戏,1
Hamsters,1
Konfa Games,1
ID Card,1
Oxymoron Games,1
Starmops,1
The Glitch Factory,1
Bitten Toast Games,1
Indigo Entertainment,1
Adham Jaber,1
Jonathan BRASSAUD,1
Hardtalk Studio,1
GSProductions Ltd.,1
TwistedScarlett60,1
Siege Games,1
anitaipu,1
Roope Tamminen,1
Psyanotek Limited,1
Potion Junkies,1
Oriplay,1
tjern,1
Jumpdrive Studios,1
Rocket Boy Games,1
Mad Mimic,1
Chorus Worldwide,1
Blind Bird,1
Onfire Games,1
Felix Wunderlich,1
Andymente,1
Artur Games,1
Slav Pankratov,1
Monad Rock,1
Anoman Studio,1
Bifrost Entertainment,1
INTRAGAMES CO.,1
Red Cabin Games,1
ApocalypseToday,1
Lewdlab,1
Sprouting Potato,1
AweSwan,1
Yakovlev Vladislav,1
Faber Interactive,1
Slashware Interactive,1
Louis Rochette,1
Vertices Software,1
凤凰游戏,1
GFI,1
Fernando Paulo,1
Floating Island Games,1
PlazSoft,1
Mantisco,1
EastWorks,1
Impulse Games,1
Halfbus,1
Studio Maka,1
Dusenberry Martin Racing,1
New Star Games Ltd,1
Fatbot Games,1
God As A Cucumber,1
Ingeon Games,1
A Crowd of Monsters,1
Eat Create Sleep,1
SoraPrayer,1
Tower Five,1
Ghost_RUS Games,1
Nova-box,1
Cowardly Creations,1
Team L.U.R.Id Glow,1
Buckethead Entertainment,1
Nitro Games,1
Lion's Shade,1
Stellar Jockeys,1
Eyebrow Interactive,1
Bit Kid,1
Vrai,1
HumaNature Studios,1
SuperVillain Studios,1
Xsolla USA Inc,1
Vertical Robot,1
Rebuilt Games,1
SOFTSTAR,1
ChillyRoom,1
Paleodev,1
HE SAW,1
Galvanic Games,1
LAN - GAMES LTD,1
Grip Top Games,1
Loco Motion Devs,1
bucikpro,1
Diego Rodrigues,1
Deniz K.,1
Valhalla Cats,1
Five Studios Interactive,1
Bark Bark Games,1
Die Gute Fabrik,1
My Dog Zorro,1
The Deep End Games,1
Orbus Online,1
Nekoday,1
Red Vibe Studio,1
Attrito,1
M7 Productions,1
Flix Interactive,1
Paperash Studio,1
Ateliér Duchů,1
Mirabolis Studios,1
Minority Media,1
Autumn Games,1
BiscuitPlay,1
Klick Ink L.P.,1
Household Games Inc.,1
Lilith Games,1
Erotes Studio,1
Thirdverse,1
Co.,1
Junkhive,1
Beat Games,1
Fridge,1
BANDAI NAMCO Entertainment Inc.,1
Elefantopia,1
Tequila Works,1
Eggon Srl,1
Jan Zelený,1
Just a Game,1
東方幕華祭制作组,1
Nine Dots Studio,1
Witch Laboratory,1
Precision Games,1
ZoopTEK,1
Fireline Games,1
Creoteam,1
Eridanus Studio,1
AZGames,1
Hi-Bit Studios,1
ИЛЬЯМАЗО,1
Illusion Ranger,1
Ritual Entertainment,1
Revmatek,1
ACE Team,1
Slick Entertainment Inc.,1
Polytale,1
William Chyr Studio,1
Timeslip Softworks,1
Aleksandar Kuzmanovic Games Inc.,1
Candleman Games,1
N7T-GAMES,1
2B_GAMES,1
Flaming Firefly,1
Mikori Games,1
Better Than Life B.V.,1
Turning Wheel LLC,1
Fish Factory Games,1
Kalaicoconut Studio,1
Serhii Vitukhin,1
КиКо,1
Rockodile,1
Priority Interrupt,1
Bookmark Games,1
Pixellore Inc,1
CWH Entertainment,1
Cinematography Database,1
Skydome Entertainment,1
Chromatic Games,1
Aquiris Game Studio,1
LifeSpark Entertainment,1
Deadlycrow Games,1
LeadFollow Games,1
Pixel Error,1
800 North and Digital Ranch,1
Perverteer Games,1
Uber Entertainment,1
Lions Crayons Games,1
Zeno Rogue,1
Storm in a Teacup,1
AC3 Studio,1
Ugly Beard Games,1
Sneaky Yak Studio,1
Fred Wood,1
Lynkpin Game,1
FlipSwitch Games,1
Pixel Lantern,1
Urvogel Games,1
THE BROTHERHOOD,1
JanduSoft,1
BadFly Interactive,1
PLAION,1
Slug Disco,1
Game Science,1
President Studio,1
Maximum Entertainment,1
Wonderbelly Games,1
Egamea Game Studios,1
Cotton Game,1
Vile Monarch,1
Bolingogames,1
Bolt Blaster Games,1
Every Single Soldier,1
Revistronic,1
The Stranger,1
Emre Tanirgan,1
North Beach Games,1
Bishop Armstrong,1
Team Samoyed,1
2PGames,1
BambuseaeGames,1
gamigo US Inc.,1
JumpStick,1
Raconteur Games,1
Paintbucket Games,1
FitXR,1
D'Avekki Studios Ltd,1
白雨工作室,1
9FingerGames,1
INTENSE,1
Paper Castle Games,1
Morenori Soft,1
BlueGiant Interactive,1
Vector Games,1
Gamestarters Publisher,1
Easy Day Studios Pty Ltd,1
Hunter Studio,1
NEOPLE Inc.,1
NEXON Korea Corporation.,1
Outersloth,1
Big Kitty Games,1
IPBuilders,1
ENF Novels,1
Orange Bridge Studios,1
Mini Fun Games,1
Bureau 81,1
Bit2Good Ug,1
072 Project,1
Steckenpferd Enterprises,1
Vintage Digital Revival,1
ARES Inc.,1
Arc Games,1
Nomadic Developers,1
Metanet Software Inc.,1
Intrepid Marmot,1
Quite OK Games,1
Robotronic Games,1
Mooncube Games,1
Svajūnas Žemaitis,1
Vitei Backroom Inc,1
Heart Machine,1
SixtyGig Games,1
Winterlook Games,1
Red Abyss Software,1
4Fufelz,1
老紫妈活动中心,1
AutoAttack Games,1
Obb Studio Inc.,1
GrapeOcean Technologies,1
Paras Games,1
Moonfire Entertainment,1
TheGamesFortress,1
馆叔,1
Anatolian ODS,1
Binary Haze Interactive,1
Gamieon,1
CULT Games,1
Dreadbit,1
Nawia Games,1
蠑螈,1
JE Software,1
Unlok,1
INSTINCT3,1
G0C0RE,1
KK Game Studio,1
Shark Punch,1
Sorath,1
SourceIn Games,1
Baby Stone Studios,1
TinyMindz,1
Berker Games,1
Kumobius,1
Kaio Meris,1
EmadePlus,1
MADFINGER Games,1
Beyond Fun Studio,1
NA Publishing Inc,1
Orlyapps,1
Aggro Crab,1
Monkey-With-a-Bomb,1
2K Games,1
Ghostpie Studio,1
Signo & Arte,1
U24 Solutions,1
AlterStaff Inc.,1
猫台班子工作室 Cat Caboodle,1
Erabit,1
Science Interactive,1
Lente,1
Arrow Face Games,1
Binary Cocoa,1
I Need Play,1
Free Wing,1
Sassybot,1
Poly Games,1
朵游社,1
Brainseed Factory,1
SlimeSmile,1
NEXON,1
Perfuse Entertainment,1
Oro Interactive,1
Brenton Wildes,1
Humble Sage Games,1
MonsterAttack,1
Seventeen horns,1
The Quadsphere,1
Outer Grid Games LLC,1
nocanwin,1
Big Fat Alien,1
Love Lab,1
BattleByte,1
Boltray Games,1
GameDev.ist,1
Gil Lawson,1
INSIDE SYSTEM,1
flanne,1
Immersive VR Education Ltd,1
Alex Rose Games,1
CarloC,1
Nupixo Games,1
WildMonkey,1
Larkon Studio,1
WolfBite Interactive LLC,1
4 Door Lemon Vision 1,1
Submersivo Game Studio,1
Adamvision Studios,1
Digital Dreams Entertainment,1
kChamp Games,1
Business Tycoon,1
Pyramid Games S.A.,1
Faith G.,1
HanbitSoft Inc.,1
Chicken in The Corn,1
Digital Entertainment,1
Defroids team,1
Spider Nest Games,1
AQUIRIS,1
RNG Party Games,1
Fixpoint Productions Ltd.,1
Mega Crit Games,1
Studio Eres,1
Bright Flask Games,1
David Williamson,1
Different donut,1
TVGS,1
Osumia Games,1
波浪游戏 (Wave Game),1
Parody Games,1
Rob Lach Games,1
Synthetic Domain,1
KAFI,1
莓夜工作室,1
Sludj Games,1
Soft Not Weak,1
James Dornan,1
neltile,1
Rogue Duck Interactive,1
Magic and Mirrors,1
Julian Edison,1
Sunblink,1
RhinoGearz,1
holo Indie,1
Red Nexus Games Inc.,1
Treasure,1
MindBlocks Studio,1
White Lotus Interactive,1
Digitalmindsoft,1
Peach Pie Productions,1
VirusSea,1
Cankut Keskin,1
2D Heroes,1
Schine GmbH,1
Wabbaboy,1
Alex Gimson,1
Santor Games,1
Tacty Studio,1
糕薯科技,1
Cadabra Games,1
SC Jogos,1
MogDogBlog Productions,1
Sierra,1
RCTO Productions,1
Klace,1
Zeenoh Inc.,1
Pixel Trickery,1
Flying Robot Studios,1
MachineSpirit,1
HyperReuts,1
Carlburton Llc,1
Ludus Studio,1
Akatsuki Taiwan Inc.,1
winterworks GmbH,1
Waltteri Heinonen,1
Xtal Sword,1
rokaplay Bou·tique,1
Optical Override,1
Belief Engine,1
Foulball Hangover,1
Fern Nigro,1
Robert Gammon,1
TRI.G,1
The Silence Mill Inc.,1
Hunter Hamster,1
Bit Dragon,1
Kristen Cheely,1
Nerve Software LLC,1
One Man Left Studios,1
Blood Music,1
Egor Rezenov,1
Jeminie Interactive,1
PiBoSo,1
Volcanic Giraffe,1
Volcanic Games,1
Sugarsnapp Games,1
RedRuins Softworks,1
Diatomic Games,1
[untitledDev],1
Roman Uhlig,1
Team9,1
Flying Squirrel Entertainment,1
One Aperture,1
Appliks Apps Studios,1
PotionC,1
Pen and Sword Games,1
Convoy Games,1
Frosted Brain,1
Erik Svedäng AB,1
Catland,1
bhungry,1
SquarePlay Games,1
Professor Why,1
Tequilabyte Studio,1
Aether Studios,1
Pixelsaurus Games,1
Dreamatrix,1
Dischan Media,1
ACE MADDOX,1
Chesstar studios,1
Radian Simulations LLC,1
reMaginarium,1
Halcyon Winds,1
Blue Bomber Games,1
Dandover,1
Everglow Interactive Inc.,1
Bit Blot,1
Tricol Co.,1
Mighty Coconut,1
Dedication Games,1
BeardedBrothers.games,1
Neverland Entertainement,1
Galactic Cafe,1
The Fine Young Capitalists,1
Studio Forge Ltd,1
All Yes Good,1
Indie Voyage,1
Pinta Studios,1
Action Square,1
Simon Prefontaine,1
GNeguceanu,1
Frogshark,1
PIXYUL,1
Stitch Heads Entertainment,1
Kotori Studios Ltd,1
Supreme Clans Entertainment,1
Maxim Karpenko,1
Lewis Bergin,1
DigiPotato Studio,1
GameNet,1
Tomas Daugela,1
Doborog Games,1
Upper Class Walrus,1
Doble Punch Games,1
Kubold,1
Fractal Projects,1
Thunderbox Entertainment,1
Bludgeonsoft,1
BitBros Inc,1
Venugopalan Sreedharan,1
David OReilly,1
PLAYISM (Japan),1
Room 8 Studio,1
Primary Games,1
CelLab,1
Flag shadow,1
Spiral Summit Games,1
Ocelot Society,1
Good Catch Games,1
DHTstudios LLC,1
Hyperion Studio Limited,1
Morphcat Games UG,1
Mongoose Net Ltd.,1
EarthWork Games,1
Cyan Inc.,1
Horo Games,1
HBO,1
Blacksword Games,1
Grizzly Wolf Games LLC,1
成都搜发互娱网络科技有限公司,1
Nexcentric Games,1
MojoTouch,1
Beetlewing,1
Verlumino Studios LLC,1
Khud0,1
ApathyWorks,1
Joymania Development,1
Zombie Studios,1
Ionized Studios,1
Hibernian Workshop,1
R8 Games Ltd,1
WisdomTools,1
Trapped Nerve Games,1
Game2Gather,1
Anticto,1
Kaan Soral,1
RUST LTD.,1
Ultra Runaway Games,1
offbrand games,1
NoBreadStudio,1
Perfect Random,1
Team Colorblind,1
Ghost Hug Games,1
Vertex Pop,1
Indimo Labs LLC,1
Little Flag Software,1
Orbcreation,1
Turbulence101Games,1
InnerspaceVR,1
Sparpweed,1
Wizard Games Inc,1
ln404,1
OppaiMan,1
Loiste Interactive,1
HideChara,1
Crowbar Collective,1
PS Games,1
Sungazer Software,1
USM,1
Night Node,1
CS Game,1
Marjupi Games,1
Summitsphere,1
Callback,1
Pixelated Panties,1
Unplugged Studio,1
Honor Games,1
Feral Interactive,1
Smilegate,1
YuruOwO,1
RedCandleGames,1
Rad Codex,1
Tulpar Games,1
Latitude 64,1
Sos Sosowski,1
Impromptu Games,1
MLMEDIA,1
Peter Gutenko,1
Asmik Ace,1
Neverland Entertainment,1
Route 59,1
Adam Travers,1
adamgryu,1
Shuffle Up Games,1
Vulkano Forge,1
Echo Entertainment,1
Magnus Ander,1
LeGrudge & Rugged,1
Light Up Games,1
Skywalker HK,1
Incandescent Imaging,1
Keybol,1
made in fairyland,1
Gius Caminiti,1
Headware Games,1
Playworks,1
CyberConnect2,1
Nikita Kryukov,1
HyperBerry Games,1
Terror Dog Studio,1
Pounce Light,1
Spoonful Of Wonder,1
Nordic Trolls,1
Unfold Games,1
RAZAR s.r.o.,1
Patrick Scott,1
BG Productions,1
Lafrontier,1
Witch Beam,1
Uniday Studio,1
Slormite Studios,1
Abiding Bridge,1
Bokeh Game Studio lnc.,1
WhiteMoon Dreams,1
Best Way Soft,1
Anvate Games,1
Sombr Studio,1
The Bueno Interactive,1
勾八游戏,1
Guangzhou Dingxiang Cyber Technology Co.,1
MulticastGames,1
Tintin Game,1
Phoenix_co,1
ZD Yazilim,1
Skandivania Games,1
Immersive VR Education Ltd.,1
HolmCom,1
Alien Pixel Studios,1
Polarbyte Games,1
Stray Fawn Publishing,1
Skymap Games,1
Rig&Zig Entertainment,1
Moon Lens,1
YJM GAMES,1
Playground Productions,1
PixelCount Studios,1
BA Productions LLC,1
Thomas Bowker,1
海南西山居互动娱乐科技有限公司,1
Perverse Games,1
BeardedBrothers.Games,1
Pixelsplit Simulations,1
sparsevector,1
Ultima Games,1
Sour Soup Games,1
lamedeveloper,1
Raccoons Studio,1
Basically Games,1
Osmotic Studios,1
Dreambyte Games,1
Appnori Inc.,1
Create Something Interesting,1
Yazar Media Group LLC,1
Sigtrap,1
Eli Daddio,1
CloudGate Studio,1
Nomad Assembly,1
LKA,1
Payload Studios,1
万象皆春,1
Half Asleep,1
Naelstrof,1
Bowlcut Studios,1
Pwnee Studios,1
Means Interactive,1
Blazing Orb LLC,1
Andromeda Entertainment,1
Street's Game,1
(Myco),1
Wanba Studio,1
LW.C,1
Bonus Stage Publishing,1
Wizards of the Coast,1
Sanuk Inc.,1
Mytona Fntastic,1
Samar Studio,1
Adventurepro Games LLC,1
eXtreme Studios,1
Lostwood,1
Parabole,1
Whatboy Games,1
Andy Brophy,1
13AM Games,1
Bitrich.info,1
13AM Shipping Solutions,1
Thomas Moon Kang,1
Orc Chop Games,1
Devs on a Boat,1
Pontypants,1
Geod Studio,1
Phosfiend Systems,1
Neko Game,1
Two Star Games,1
Archmage Games Studio,1
KSYM,1
Zapray Games,1
Empty Clip Studios,1
TapBlaze,1
Very Very LITTLE Studio,1
Ivy Sly,1
MAD Virtual Reality Studio,1
Smoodlez,1
2ndUp Studios,1
Steel City Interactive,1
Sunpeak Games,1
Studio Sai,1
Bone Nail,1
Lost Tower Games,1
Mango Council,1
UroboroStudio,1
League of Geeks,1
Wave Game,1
小团团工作室,1
QUByte Interactive,1
Cheese Games,1
LiterallyEveryone Games,1
Trichotomy,1
Rhino Games,1
A Jolly Corpse,1
Going Loud Studios,1
Epic Devs LLC,1
地霊研究院,1
LimboLane,1
ZRIGN,1
Permadeath,1
Digital Dawn Studios,1
snappixgames,1
Sørb,1
AMATA K.K.,1
Netflix,1
Silver Cow Studio,1
Missing Calm,1
Prismatika,1
Summer Media,1
Corroding Games,1
Blazing Bit Games,1
Firmiana Game,1
Themis digital entertainment Co.,1
Alpha72 Games,1
18Light Game Ltd.,1
A Shell in the Pit Games,1
Ezzat Studios,1
HOOK,1
Sabotage Studio,1
L2 Games,1
Digital Extremes,1
Evil Boobs Cult,1
BitCutter Studios Inc.,1
SomethingExtra,1
91Act,1
Vector3 Studio,1
Sewer Cat,1
Smartmelon Games,1
DuCats Games Studio,1
SomniumSoft,1
Forklift Interactive,1
Ceylon Entertainment,1
Mimimi Games,1
FockaGames,1
Clique Games,1
Gun Interactive,1
Redeev,1
LP Game,1
Minicore Studios,1
Berserk Games,1
Aurora Punks,1
Stuffed Wombat,1
Phodex Games,1
NatsumeAtari,1
LLC Intenzibne,1
Decemberborn Interactive,1
kodansha games,1
110 Industries SA,1
Brian Macumber,1
LongYou Tech Ltd,1
Newnight,1
Enigma Games LTD,1
SEKTOR GAMES,1
Zeekerss,1
Happy Bat,1
Dead Mage,1
Campfire Studio,1
Oriol Cosp,1
Proper Games,1
NA Publishing,1
Dandylion,1
Steel Arts,1
Kwalee,1
Happinet,1
NewRealityGames,1
Lines Studio,1
Dan & Gary Games,1
KaleidoGames,1
Hassey Enterprises,1
Winter Night Games,1
Candylight Studio,1
BT Studios,1
System 3,1
OneBigGame,1
Kulplant,1
ETime Studio,1
Lo-Fi Games,1
Burak Dabak,1
Windforce,1
Electrovore,1
Mayflower Entertainment [KR],1
Blue Mountains,1
4Divinity,1
2D BOY,1
Joure & Joe,1
Microsoft Studios,1
Kamina Dimension,1
4Bit Games,1
Games Starter,1
CE-Asia(Asia),1
Zerone Games,1
Toasty Games,1
Screeps,1
Merlion Games,1
Portal Studios,1
NewProject,1
Climax Group,1
Midjiwan AB,1
Euphoric Brothers,1
Four Winged Studio,1
Devster,1
PersonaeGame Studio,1
Red Fox,1
James Moulang,1
Pentadimensional Games,1
Night Eyes Interactive,1
SinginGiant,1
Camel101 LLC,1
UNTIES,1
Lunar Chili,1
Sony Music Entertainment (Japan) Inc.,1
Jake Huhman,1
CyberLight Game Studio,1
Lifetap Studios,1
LGD Gaming,1
Dwarves Might Fly,1
Motion Games Studio,1
PlayWithFurcifer,1
302 Studio,1
Proscenium,1
Gaming 301,1
Walternate Realities,1
Snapbreak,1
SelfCrop Studio,1
React Games,1
Xenon,1
TwinDrills,1
Romero Games Ltd.,1
Terad Games,1
Carl Games,1
CVR,1
Ghost Ship Publishing,1
Harvester Games,1
Flurry Game Studios,1
Blue Sunset Games,1
Rare Ltd,1
Ignis Sanat,1
SL,1
JH12world,1
Tricktale,1
Gnomic Studios,1
Zaxiquej,1
Laina Interactive,1
Samharia Studios,1
Robot Invader,1
Shrimpcave Industries,1
Stunlock Studios,1
RealPeach,1
Master Entertainment,1
Singular Dream,1
VitruviusVR,1
Zolden Games,1
Game Smithing Limited,1
Bandai Namco Entertainment Europe,1
Mastfire Studios Pty Ltd,1
Mokomoto,1
Jordy Lakiere,1
Betagames Group,1
Vera Visions,1
ThankCreate Studio,1
Boss Team Games,1
Deimos Games,1
Tlön Industries,1
Miju Games,1
Alexander Spillman,1
Dr Davient,1
Deep Type Games,1
Poysky Productions,1
GCORES PUBLISHING,1
Dan Fornace,1
Doppler Interactive,1
念念而忘(Indelible Studio),1
UFO Crash Games,1
Mango Party News,1
LewdLoco,1
Mentalytics AB,1
Jonathan Wood,1
Gamifier,1
AeroSoft GmbH,1
Retrocade.net,1
VertexBreakers,1
Randwerk,1
Genki Co.,1
PlayTogether Studio,1
Thorrnet Publishing,1
DL Softworks,1
Bankroll Studios,1
GeexGames,1
NIGHTBOX,1
Funhill Games,1
OneBlock,1
Sherman3D,1
StudioGoupil,1
Archetype Global,1
MYGG,1
AbstractArt,1
Pearl Abyss,1
Ben Reber,1
Realm Archive,1
GIBBING TREE,1
Gem Rose Accent,1
Big Way,1
Kodera Software,1
Alastair John Jack,1
Schoolfield Games,1
Deadly Red Cube,1
Camouflaj,1
Baby Robot Games,1
Gentleman Squid Studio,1
Gamestarter's,1
Number None,1
Meteorbyte Studios,1
EVR Studio,1
RPMeister,1
Moczan,1
YAOYICHEN,1
Puzzle Lab,1
Ludeon Studios,1
Grindstone,1
For Fun Labs,1
Michael L. Fiorentino Gutierrez,1
Hypersect,1
Flatcoon,1
notdead,1
Hidden Path Entertainment,1
Przemysław Hadała,1
BulletHell Studios,1
Belgerum,1
stone lnternational,1
PrimaryOrbit,1
OutOfTheBit Ltd,1
ClorithStudio,1
Modulesden,1
Alkemi,1
Indoor Astronaut,1
Dangerous Derk Interactive,1
EmberWulf,1
Kieffer Bros.,1
Rocket Panda Games 🚀🐼,1
Pixelated Cupcake,1
Patryk Taranek,1
Ker,1
Oryzhon Studios,1
Secret Base,1
Tomkorp Computer Solutions Inc.,1
Londer Software,1
Lorenzo Ent.,1
I-Novae Studios,1
Anteater Games,1
MalumGames,1
IllusoryWorldEntertainment,1
Castello Inc,1
Snowed In Studios,1
Kinetic Games,1
Bushiroad Inc.,1
Big Finish Games,1
Kerim Kumbasar,1
Kanjineko,1
DragonSnow,1
Yellow Brick Games,1
BindleBot,1
Alessandro Roberti,1
Vivi,1
hOSHI,1
Daily Magic Productions,1
1010 Games,1
Lucky Pause,1
Game Dynasty,1
Dijimit,1
INTO GAMES,1
WOLCEN Studio,1
Visionary Realms,1
Cape Cosmic,1
CouchPlay Interactive,1
Organic Humans,1
Jason Godbey,1
Catness Game Studios,1
OMOCAT,1
Kinky Fridays,1
Pixelatto,1
Xinyuan Studio,1
TrerPlay,1
Shield Break Studios,1
Master Games,1
Perfect Day Studio,1
The Dirigiballers,1
Brainchild,1
Noxious Games,1
Crunchy Leaf Games,1
Olipa Games,1
Missing Digit,1
Crazy Rocks,1
WeirdBeard,1
Noio,1
Kyle's Garage,1
Team Future LLC,1
Burnout Game Ventures,1
Success Games,1
Fresh Wind Software,1
Pixel Purrfect,1
Sugarcane Games,1
Kit9 Studio,1
Joystick Ventures,1
GamePlanet,1
Aoca Game Lab,1
Top Hat Curios & Oddities,1
Sirlin Games,1
ASBO Interactive,1
煉精工坊 Homunculus studio,1
Saber Interactive,1
Hut 90,1
Ratz 'N' Godz,1
Charyb Games,1
Huya Games,1
Initiative Media,1
Disparity Games,1
BlackTale Games,1
BINGOBELL,1
Sinn Studio Inc.,1
SgtOkiDoki,1
IDEA FACTORY Co.,1
Seattletek,1
Osaris Games,1
CubeInSquare,1
Pixel Rice,1
Webcore Games,1
旅人计划,1
RainSoft,1
Oppai Games,1
Shiny Shoe,1
Null Games,1
D&A Studios,1
Trapdoor,1
Sealost Interactive LLC,1
Major Games,1
Silky Smooth Studio,1
AO2Game,1
Manekoware,1
Outstrive,1
Sloclap,1
Tinogames Inc.,1
Topstitch Games,1
Flipline Studios,1
NekokujiraLab,1
RP Game Design,1
Platonic Partnership,1
Smola Game Studio,1
Andy Makes,1
Epixx.org,1
Mousechief,1
Chowbie,1
Source Technology,1
Digital Dragon,1
camefrom.space,1
studio Don Quixote,1
Minotaur production,1
Retrovibe,1
Agafonoff,1
Leonardo Interactive,1
Shadowprerequisite,1
VRESKI,1
Stonext Games,1
Brain&Brain,1
Berzah Games,1
Homegrown Games - a HRMC Label,1
Tactical Adventures,1
Inertia Game Studios,1
Retrosoft Studios,1
Paleo,1
Phantom Compass,1
Sun-Studios,1
intiny,1
Serious Bros.,1
Totem Entertainment,1
Rayll Studios,1
Bar Holographic Otaku,1
Helmi Bastami,1
Iron Boar Labs Ltd.,1
Crocodile Entertainment,1
Locojoy,1
Polar Bunny Ltd,1
PING YI LIN,1
3000AD,1
Blizzard Entertainment,1
Bitbox S.L.,1
Nukearts Studio,1
Moonana,1
Merlino Games,1
Beam Team Publishing,1
Mova Game Publising,1
Kenny Sun,1
Levity Play,1
Mad Data GmbH & Co. KG,1
DoubleThink Studio,1
WindField Games,1
Play Native Entertainment,1
Elecorn,1
Okugi Sudio,1
Lucas Molina,1
Oliver Keppelmüller,1
Team Run,1
Kavkaz Sila Games,1
HyperSloth,1
Jonas De Carvalho Felinto,1
Quantized Bit,1
Marcelo Eduardo Cabral,1
Hollow Ponds,1
Laminar Research,1
So Far So Good,1
Digital Domain,1
Stoic,1
David Amador,1
Squidlit Ink.,1
Virhex,1
No Gravity Games,1
DMM Games - Asia,1
Pixel Pi Games,1
Metaware Limited,1
Doctor Entertainment AB,1
Zima software,1
Triangle Factory,1
Bigfingers,1
TinyAtomGames,1
Pixel Forge Games,1
Andrew G. Schneider,1
Manic Game Studios,1
LavaMind,1
VisualPath,1
Homph LLC,1
Vladimir Slav,1
Skunkape Games,1
MY.GAMES,1
The 4 Winds Entertainment,1
Magenta Factory,1
ZackBellGames,1
Monster Tooth Studios,1
Redox Entertainment Inc,1
JellyTeam,1
ambai,1
Vlambeer,1
Curious Panda Games,1
Fallen Planet Studios,1
Black Maple Games,1
Green Stripe Snake,1
Crasleen Games,1
Shoujo City Developer,1
Journey Bound Games,1
High Horse Entertainment,1
Shandong Jerei Digital Technology Co.,1
DoubleBear Productions,1
A Normal Monkey Studios,1
2&30 Software,1
AplusGames,1
No Wand Studios,1
Black Flag 1312,1
游艺春秋,1
Yooreka Studio (China),1
Irisloft,1
Massive Galaxy Studios,1
Brilliant Skies Ltd.,1
sakevisual,1
Tochas Studios,1
RaceRoom Entertainment AG,1
Electric Hat Games LLC.,1
Parry Point e. K.,1
Eastasiasoft Limited,1
PlayEveryWare,1
Ed Del Castillo,1
Squeaky Wheel Studio Inc,1
Real Welders,1
Reverb Publishing,1
MellowStudios,1
Horrible Guild,1
Hammerfall Publishing,1
Gaijin Entertainment,1
Happy Paintings,1
Rich Pine,1
HeartBeat Plus,1
Icetesy,1
Betterburg,1
TrampolineTales,1
CD Jones,1
Wild Rooster,1
艺龙游戏,1
Flying Helmet Games,1
EcoGames,1
Slightly Mad Studios,1
Phoenix Game,1
Team Cherry,1
tri-Ace,1
Japanime Games,1
Arclight Inc,1
Team Fork,1
Crankshaft Games,1
Rok Entertainment,1
惊叹号游戏工作室,1
encurio,1
Ludic Studios,1
Self-Publish,1
Digital Dreams,1
Brackish Games,1
Farjay.com,1
Pigeons Interactive,1
Wolfdog Interactive,1
D6,1
8D Studio,1
Elder Game,1
Threaks,1
Rokabium Games,1
SEGA Europe,1
Narayan Walters,1
MINTROCKET,1
Slothwerks,1
BBQ Games,1
LunarCore Games,1
Pineapple Works,1
岛叶游戏,1
Sam Barlow,1
Gameparic,1
Lasse Zacho Malver,1
Not a Sailor Studios,1
Sundew Studios,1
N-Game Studios,1
Team Flow,1
Novaquark,1
Paperdog Games,1
Electrify Spa,1
Fortell Games,1
Inexplicable Games,1
Odd Meter,1
Ninja Robot Dinosaur,1
Wurd Industries,1
StarWraith 3D Games LLC,1
Farbs,1
VReleased,1
Redwood,1
Dranya Studio,1
Rainy Night Creations,1
Ember Lab,1
INSGAMES LIMITED,1
VDimension,1
PlatformaVR,1
AlphaNuts,1
Tuborg entertainment,1
Centrosphere Games,1
Tuomo's games,1
Ramen VR,1
Huey Games,1
Mash Games,1
Giorgi Abelashvili,1
Supernature Studio,1
Playtonic Friends,1
System Erasure,1
Super Spin Digital,1
Asylum Entertainment Inc.,1
BlackMill Games,1
IllFonic,1
Psyop Games,1
Gameloft,1
Bs1 & Bslteam,1
Urban Wolf Games Inc.,1
Vulgat,1
FrameLineNetwork,1
Thekla,1
Akaba Studio,1
ZA,1
Bromio,1
UM,1
Sad Panda Studios,1
Rival Games Ltd,1
poncle,1
MorganaVR,1
Mono Software,1
Citizen of Rome - Dynasty Ascendant,1
Sathvik Software Solutions,1
MaFi Games,1
Jaspel,1
Studio Amateur,1
Overhype Studios,1
GreatherGames,1
Soviet Games,1
Colorfiction,1
Risen Phoenix Studios,1
Soothsayer Games,1
Tired Owl Games,1
Game Studio 78,1
Alexander Semenov,1
Everything Unlimited Ltd.,1
Dragons,1
Innuendo Squad Studios,1
VaNyuHa,1
LostOneTeam,1
YFYX GAMES,1
Nuke Nine,1
Aldin Dynamics,1
Rubycone,1
ninjainatux,1
Chillax Games Studio,1
YellowDuckWorks,1
Transcendent Games,1
Console Labs S.A.,1
Warner Bros. Interactive,1
The Sleeping Machine,1
Stickmen Studios,1
tensixfour Digital,1
Strange Loop Games,1
Departure Interactive,1
Sushi_soft,1
Quasar,1
Oreol,1
PHL Collective,1
Dingaling Productions,1
PONY,1
Micro Factory Games,1
Petro Shoferystov,1
Worm Animation,1
Mad Dog Games,1
Falcon Development,1
Anton Riot,1
White Cat,1
On the Level Game Studios,1
Eric Thullen,1
Infiniverse,1
Stellar Sage Games,1
PowPit,1
Rhinotales,1
Lazy Games Studio Ltd,1
Vision Riders Entertainment,1
Hippomancer,1
Jogo Joia,1
Mugle Studio,1
WXP Games,1
Scolaro Games,1
Etter Studio,1
We Are Fuzzy,1
Ametist studio,1
LOVIGAME,1
Pixel Ferrets,1
Art-Pulsar,1
Puny Human,1
2xMilk,1
Finifugal Games,1
Frostwood Interactive,1
illuminatigames,1
Tasty Stewdios LLC,1
Oldblood,1
B52 Development Team,1
DarkStar Games,1
Midnight Games,1
INDICAVA INTERACTIVE,1
North Lab,1
Grundislav Games,1
Bread Machine Games,1
Jelle Booij,1
Dark Amber Softworks,1
22cans,1
Drifter®,1
Gamatron AB,1
Miso Games,1
WolfgangIs,1
Pillow Castle,1
FlukeDude,1
Stellar Circle,1
BioWare,1
Raba Games,1
Gameland Studios,1
SPARSE,1
GameDev,1
Novarama,1
RYM GAMES,1
Polished Games,1
Crania Games,1
Harbinger Beard,1
Hybriona Labs,1
goonswarm,1
Cairn4,1
BEHEMUTT,1
Fabled Game,1
Spytihněv,1
Black Golem,1
PolyPusher Studios,1
Fibrum Limited,1
Nicholas Mallory,1
Lucid Silence Games,1
D-Games,1
Supra Games UG,1
Teyon,1
Elder Leaf Studio,1
Visumeca Games,1
Tailwind Games,1
Growfall Games,1
Jadon Barnes,1
Dmytry Lavrov,1
Fábio Fontes,1
Fourfold Games,1
ENF Stuff,1
Pathea Games,1
GRASSHOPPER MANUFACTURE INC.,1
Johan Aronsson,1
WMY Studio,1
Flow Studio,1
Xefier Games Inc.,1
Date Nighto,1
Monkey Stories,1
Habupain,1
FOZ,1
The Sociopath Software,1
SimWare Simulations,1
FM Studio,1
Visual Entertainment And Technologies,1
Boss Baddie,1
jacktostudios,1
CosCom Art Group,1
Pierre Brengues,1
AurumDust,1
Over The Top Games,1
ND Games,1
Pixel Barrage Entertainment,1
MeDungeon Ltd.,1
The Knights of Unity,1
MadAboutGamesStudios,1
Bit Juggler,1
Linux),1
FoamPunch,1
Vexan Studio,1
Moon Pub Games,1
Coal Valley Games,1
Murudai,1
Facepalm Games,1
PostMod Softworks,1
Kunpo Games,1
Duaik Entretenimento,1
Overly Complicated Games,1
Aspyr (Mac,1
Die of Death Games,1
Selva Interactive,1
EIRTeam,1
Sanuk Games,1
Galaxy Pest Control,1
24 Caret Games,1
gnifrebel Games UG,1
Colossus Interactive,1
Woblyware,1
Laundry Bear Games,1
MorfeoDev,1
Erosa Games,1
Supra Games,1
Sweet Dog Studios,1
The Indie Stone,1
Pixel Games UK,1
Anvil Game Studios,1
Dark-Spot Studio,1
Drageus Games S.A.,1
Technomancy Studios,1
Brinemedia,1
Riff Studios,1
Tower Up Studios,1
iNK Stories,1
En Masse Entertainment,1
RyseUp Studios,1
Kirillkrm,1
Dreadlocks Mobile,1
SnowBaby Games,1
EtherGaming,1
Bryan Gale,1
Fallen Oak Games Limited,1
IceTorch Interactive,1
Dreamteck,1
Toast,1
Deadghost Interactive,1
Apog Labs,1
Jacob Janerka,1
IMakeGames,1
KPas,1
Nat Quayle Nelson,1
Artur Smiarowski,1
Garage Heathen,1
Yaeko,1
SHADA GAMES,1
Naga Entertainment,1
Nova Dimension,1
Invidious Studios,1
Falling Star Studio,1
Cygames,1
33ParadoX&igstore,1
DanD,1
stealth.gg,1
GameLiberty,1
Chequered Ink Ltd.,1
YETU GAME,1
BrineTeam,1
Geoff 'Zag' Keene,1
Silicon Jelly,1
Pixeye Games,1
Chromatic Dream,1
Contingent99,1
Flavourworks,1
Levall Games AB,1
Slikey Games,1
Sullivan Boyd & Cadence Petersen,1
NSE,1
Nemoria Entertainment,1
Oryon Entertainment,1
Hamish Dunn,1
SoSorrySoft,1
Honey Pie,1
Kiemura Ltd,1
Lonhong Media,1
Team D-13,1
Red Limb Studio,1
Nicolas Pierre-Loti-Viaud,1
Advanced Interactive Gaming Ltd.,1
Thesis Games,1
NA PUBLISHING INC.,1
NCSOFT,1
ALIEN studio,1
Warhorse Studios,1
The Broken Horn,1
Wube Software LTD.,1
Pixelsplit,1
Pingfang Games,1
Voided Pixels,1
AyDream Co.,1
Q Switched Productions,1
The Lo-Fi Apocalypse,1
DolphinBarn,1
Polymerse,1
Altaire,1
Grove Comp,1
Incandescent Games,1
Metagaming B.V.,1
FIREBEAST,1
Vittorio Romeo,1
Fuzzy Pixel Game Studio,1
Howling Moon Software,1
Gaweb Studio,1
Neognosis,1
Pixel Prophecy,1
Playbrains,1
Nyamyam,1
Early Morning Studio,1
Lone Hero Studios,1
Fluffy Kitten Studios,1
狼皮羊工作室,1
Georgy Topalo,1
Daniel Wright,1
David Kaleta,1
Afterthought LLC,1
Stamina-Games,1
Evil Bite,1
Mecha Weka,1
Trend Redaktions- und Verlagsgesellschaft mbH,1
RoboDev,1
Daniel Davies,1
Foreignvr,1
Ortharion project,1
Triternion,1
SmokinSkull,1
Stovetop,1
Matthew Kania,1
Cruise Elroy,1
Demruth,1
Argonauts Interactive,1
Therefore Games,1
War Hungry Games,1
Tubby Turtle Studios,1
TrisPix Studio,1
Yippee Entertainment LTD,1
CSR-Studios,1
Evoluta Studio,1
8th Shore,1
Eleventh Hour Games,1
Far East Studio,1
Futuremark,1
Shangshixuan,1
Effat Effati,1
neko.works,1
栖鸾工作室,1
ConchShip Games,1
Maze Theory,1
PITAYA NETWORK LIMITED,1
Zulubo Productions,1
Three Fields Entertainment,1
takayakata,1
rkd.zone,1
Solidplasma Studios LLC,1
Sad Spaghetti Entertainment,1
Extend Studio,1
Team Carnal Instinct,1
VR Storm Studio,1
株式会社バンダイナムコエンターテインメント,1
Disturbing Excitement,1
Harpoon Games,1
Shiro Games,1
Wave Light Games Inc.,1
ODD Games,1
Draw Me A Pixel,1
Love Lab R18,1
方块游戏 (China),1
David Schneider,1
BadgerHammer,1
Bigmoon Entertainment,1
AsraWorks,1
Maze Theory Ltd,1
Eek! Games,1
Plexagon Studios,1
Snow Girl,1
Cooply Solutions,1
FJRD Interactive,1
Alessandro Guzzo,1
Nik Nak Studios,1
Autarca,1
Superflat Games,1
Ludeme Games,1
nWay,1
Nominia Ltd,1
KADOKAWA CORP.,1
Swizzle llc,1
ThinMatrix,1
Trinket Studios,1
Redshift,1
Martin Senovsky,1
One-Hand-Free Studios,1
Waku Waku Games,1
Lupus Studios Limited,1
Shining Rock Software LLC,1
INC,1
Cocopo,1
Corpix Games,1
Terrible Toybox,1
Other Tales Interactive,1
Fenix Fire Entertainment,1
Sergey Marchenko,1
Grab Games,1
Beldarak Games,1
RocketPunch Games,1
D-Dub Software,1
SadSquare Studio,1
Windmill Games,1
Targon Studios,1
Thing Trunk,1
Capcom U.S.A,1
Trippin Bears,1
Hunterx,1
Nepos Games,1
612 Games,1
TawStudio Entertainment,1
Renegade Sector Games,1
Gamesoft,1
Immersed Games,1
CM Softworks,1
GabberGames.com,1
Honor Code,1
White Paper Games,1
Skydome Studios,1
P2 Games,1
Fedor Votrin,1
Aluba Studio,1
Attu Games,1
NOTvil,1
Cimugames,1
Glowstick Entertainment,1
Cardboard Computer,1
MGFM,1
Uuvana Studios,1
The Cursed Revolver,1
FullmetalDeveloper,1
Kaigan Games OÜ,1
Nolla Games,1
One Bit Studio,1
Monster Bath Studios Inc.,1
Joshua Hughes,1
Oxeye Game Studio,1
Dreamlab XR,1
Vorobushek,1
Thorne Games,1
AVE,1
SinksAdventure,1
Five Mind Creations,1
MadSushi Games,1
RandomBeats Music,1
DryGin Studios,1
AppleCoffee,1
Mitorah Games,1
Blue Technology Sp. z o.o.,1
HD Publishing,1
Spooky Cat,1
Headbang Club,1
Peanut Button,1
Kakehashi,1
KazukiShiroma,1
Elden Pixels,1
MWM Interactive,1
Substance Games,1
Konami Digital Entertainement GmbH,1
SaliaCoel,1
OverDrift Crew,1
PartTimeIndie,1
Marvelous Europe Limited,1
MedusasGame,1
AP Thomson,1
Interactive Stone,1
Cunning Force Games,1
Ant Workshop Ltd,1
Pixelnest Studio,1
Koenigz,1
Guard Crush,1
Yai Gameworks,1
Cornfox & Brothers Ltd.,1
Mantaliss,1
One Up Plus Entertainment,1
Kalvarez A. Party,1
Celery Emblem™,1
Candy Valley Network,1
Kiwiforge,1
Retro Game Crunch,1
Timothy Vincent,1
Rose City Games,1
Second Wind Interactive,1
Roppy Chop Studios,1
Kayabros,1
Cosmoscope GmbH,1
Sergey Bobrov,1
Masterstrike,1
The Molasses Flood,1
Early Melon,1
Alien Jellyfish,1
Balcony Softworks,1
Fantasia Studio,1
100 Stones Interactive,1
Brain Seal Ltd,1
GIRLSOUL,1
Instant Kingdom,1
Kyle Pulver,1
Darklord Ltd.,1
Console Classics,1
BrickCream,1
东方幕华祭制作组,1
Interplay,1
Sketchy Logic,1
Studio Attic Salt,1
TripleBrick,1
Utopian World of Sandwiches,1
墨鱼玩游戏,1
System Era Softworks,1
MaxEstLa,1
Washbear Studio,1
Midnight Games EIRL,1
Bare Mettle Entertainment,1
OKJOY,1
Clever Endeavour Games,1
Ara Interactive,1
Lone Pine Games,1
Welcome to Paradise studio,1
AwesomeBlade,1
Moondrop,1
Meerkat Gaming,1
Halfbrick Studios Pty Ltd,1
Blind Recluse,1
Exordium Games,1
Jon Harwood Games LLC,1
China,1
Boobs Dev,1
Alibi,1
Liquid Donkey Games,1
Mad Goblin Games,1
OneShark,1
Bidaj,1
Second Variety Games,1
Yak & Co,1
Psilocybe Games,1
DascuMaru,1
Ludomotion,1
Prideful Sloth,1
Lofty Sky Entertainment Inc.,1
Fifth Dimension Company,1
CAPCOM,1
LevelHead,1
BigTapir Games,1
Tree Men Games,1
+7 Software,1
Broken Arms Games,1
Relax Minimalism,1
kylix studio,1
LampFire,1
Duoyi Games,1
C Prompt Games,1
blueflower,1
Strike Games,1
Jeffrey Nordin,1
Ebonscale Games,1
Anamik Majumdar,1
Astaros3d,1
Mouse Hat Games,1
IzHard,1
TURBOGUN,1
Acid Wizard Studio,1
ElagoTech,1
Perfect.Golf,1
Greenheart Games 💚,1
Visiontrick Media,1
Windam,1
Downpour Interactive,1
Carlos Coronado,1
ASBO Interactive Ltd,1
Finish Line Games,1
Helvetica Scenario,1
Applava,1
keggame,1
Art Games Studio S.A.,1
Eden Industries,1
Arbitrary Metric,1
Mango Protocol,1
Not Magic,1
Josh Koenig (Slashandz),1
JAST,1
FromLefcourt,1
MarpleGames,1
DCGsoft,1
Elev8 Games,1
Raptor Claw Games,1
Appsolutely Studios,1
scopatgames,1
Untame,1
3goo,1
Colibri Games,1
hasuhasu,1
KinifiGames LLC,1
8888888 LABS,1
Artisano,1
Bennett Foddy,1
Vogelfänger,1
Walk Thru Walls Studios,1
Exalted Guy Interactive,1
Super Duper Game Company,1
Perun Creative,1
ActaLogic,1
Blue Horizon Studios Ltd,1
Streum On Studio,1
Ballista Studios IVS,1
DON'T NOD,1
Praxis Games,1
pixel.games,1
Hunchback Studio,1
Marco Tancredi,1
Space Boat Studios,1
Oriolus Software GmbH,1
CoaguCo Industries,1
Super Punk Games,1
PixelFade,1
Oracle and Bone,1
Odders Lab,1
All Civilized Planets,1
Urban Giraffe Games Inc.,1
Subworld,1
Emberfish Games,1
CHUMBOSOFT LLC,1
Denis Lapiner,1
devotid Media,1
Not Doppler,1
Blackmyers Studio,1
Myron Software,1
Subdream Studios,1
Naked Sky Entertainment,1
Luis Ruiz,1
TheShortAndTheTall,1
Lost Decade Games,1
TAS Systems Corp,1
Frogsong Studios,1
MGP Studios,1
Dan  Walters,1
The Voxel Agents,1
Pyxeralia,1
GoBit Games,1
Raum Studio,1
ProGames Studio,1
ShadowShifters,1
StudioInkyfox,1
Killer Lobster,1
Calvino Noir,1
Ruction Games,1
Big Head Games Ltd,1
Black Market Games,1
Fire Biscuit Games,1
Califourways,1
Hendrik Felix Pohl,1
Faris Mohammed,1
Crazyant,1
Casper Croes,1
Orca Layout,1
Quantum Phoenix Bucharest,1
ConcernedApe,1
Proton Studio Inc,1
Voxel Tycoon,1
电钮组,1
Campfire Games,1
Kormishenkov Anton,1
Le Studio des Ténèbres,1
Sylvain Harlaut,1
Wizard Fu,1
Ravenhood Games,1
Dolphin Barn Incorporated,1
Vive Studios,1
Arcupion Art,1
Unknown Origin Games Inc,1
RedLynx Ltd.,1
Gaijin inCubator,1
心火游戏,1
Enno Gottschalk,1
Tense Games,1
CodeParade,1
East2West Games,1
Miolhr Company,1
Sumom Games,1
Leoful,1
Frogmind,1
FallenMaster,1
Vexel Games,1
HITCLE.COM,1
Little Cloud Games,1
iRacing.com Motorsport Simulations,1
Sevenedge Interactive Media,1
iRacing,1
J..Bowman,1
Twice Circled,1
Cyberlamb Studios,1
Mason Lindroth,1
Torrunt,1
1812 Productions,1
Rocket Bear Games,1
Balloon Moose Games,1
曲波,1
Nowhere Town,1
Nonadecimal Creative,1
Urban Goose Games,1
Binary Takeover,1
Ignibit,1
Chucklefish Games,1
Evil Twin Artworks,1
Artnumeris,1
Critical Depth,1
Treetop Crew,1
Archiact,1
Roboto Games,1
CP Decision,1
Interdimensional Games Inc,1
KATNAPPE SP. Z O. O.,1
Juggernaut Games,1
Strange_Indie_Team,1
Kevin Horton,1
Vyacheslav Shilikhin,1
DTP Entertainment,1
Alex Carpenter,1
Giant Fox Studios,1
Daniel Benmergui,1
SONNORI Corp,1
Anarteam,1
Alfred Lam,1
Quality Simulations,1
Rude Ghost,1
Turtle Juice,1
Team2Bit,1
Pewter Games Studios,1
Pupuya Games,1
MoFunZone Inc,1
ULTRA ULTRA,1
Pirozhok Studio,1
Bitlock Studio,1
maJAJa,1
Grimm Bros,1
Osprey Publishing,1
Re零同人社,1
Bad Habit Productions,1
Tic Toc Games,1
Clickteam,1
GENOVA Softworks,1
Obscure Cloud,1
AzDimension,1
The Meta,1
Neonovice Co.,1
Morgondag,1
Firesprite Ltd,1
Nine Tales Digital,1
Atapki,1
tequibo,1
Kyle Rodgers,1
sebagamesdev,1
Darkling Room,1
PUMPKIM,1
diman production,1
Carlsen Games,1
Secret Sorcery Limited,1
Mechanistry,1
BlackMoon Design,1
Breaking Dimensions,1
Emil Varez,1
Gaslamp Games,1
That Fish,1
Yoba Games,1
That Other Fish,1
Zenz VR,1
Grynsoft,1
Leafy Games,1
The Fun Pimps Entertainment LLC,1
KBJGames,1
[OneManBand],1
SharkFishFish,1
Yunus Ayyildiz,1
Vyacheslav Ozolnieks,1
Bear & Cat Studio,1
Outer Brain Studios,1
